{
  "type": "Topology",
  "objects": {
    "districts": {
      "type": "GeometryCollection",
      "geometries": [
        {
          "type": "Polygon",
          "arcs": [[0, 1, 2, 2, 3, 4, 5, 6, 7, 8, 9, 10, 11]],
          "properties": {
            "dt_code": "249",
            "district": "Upper Subansiri",
            "st_code": "12",
            "year": "2011_c",
            "st_nm": "Arunachal Pradesh"
          }
        },
        {
          "type": "Polygon",
          "arcs": [[12, 13, 14, 15]],
          "properties": {
            "dt_code": "260",
            "district": "Anjaw",
            "st_code": "12",
            "year": "2011_c",
            "st_nm": "Arunachal Pradesh"
          }
        },
        {
          "type": "Polygon",
          "arcs": [[-13, 16, 17, 18, 19, 20, 21]],
          "properties": {
            "dt_code": "253",
            "district": "Changlang",
            "st_code": "12",
            "year": "2011_c",
            "st_nm": "Arunachal Pradesh"
          }
        },
        {
          "type": "Polygon",
          "arcs": [[22, 23, 24]],
          "properties": {
            "dt_code": "245",
            "district": "Tawang",
            "st_code": "12",
            "year": "2011_c",
            "st_nm": "Arunachal Pradesh"
          }
        },
        {
          "type": "Polygon",
          "arcs": [[25, 26, 27, 28, 29, 30, 31, 32, 33, 34, 35, 36, 37]],
          "properties": {
            "dt_code": "248",
            "district": "Papum Pare",
            "st_code": "12",
            "year": "2011_c",
            "st_nm": "Arunachal Pradesh"
          }
        },
        {
          "type": "Polygon",
          "arcs": [[-18, 38, 39, 40]],
          "properties": {
            "dt_code": "254",
            "district": "Tirap",
            "st_code": "12",
            "year": "2011_c",
            "st_nm": "Arunachal Pradesh"
          }
        },
        {
          "type": "Polygon",
          "arcs": [[41, 42, 43, 44, 45, 46, 47, 48]],
          "properties": {
            "dt_code": "251",
            "district": "East Siang",
            "st_code": "12",
            "year": "2011_c",
            "st_nm": "Arunachal Pradesh"
          }
        },
        {
          "type": "Polygon",
          "arcs": [[-14, -22, 49, 50, 51]],
          "properties": {
            "dt_code": "259",
            "district": "Lohit",
            "st_code": "12",
            "year": "2011_c",
            "st_nm": "Arunachal Pradesh"
          }
        },
        {
          "type": "Polygon",
          "arcs": [[-10, 52, -36, 53, 54, 55, 56]],
          "properties": {
            "dt_code": "256",
            "district": "Kurung Kumey",
            "st_code": "12",
            "year": "2011_c",
            "st_nm": "Arunachal Pradesh"
          }
        },
        {
          "type": "Polygon",
          "arcs": [[-38, 57, 58]],
          "properties": {
            "dt_code": "255",
            "district": "Lower Subansiri",
            "st_code": "12",
            "year": "2011_c",
            "st_nm": "Arunachal Pradesh"
          }
        },
        {
          "type": "Polygon",
          "arcs": [[-24, 59, -56, 54, -54, -35, 60, 61]],
          "properties": {
            "dt_code": "247",
            "district": "East Kameng",
            "st_code": "12",
            "year": "2011_c",
            "st_nm": "Arunachal Pradesh"
          }
        },
        {
          "type": "Polygon",
          "arcs": [[-25, -62, 62, 63]],
          "properties": {
            "dt_code": "246",
            "district": "West Kameng",
            "st_code": "12",
            "year": "2011_c",
            "st_nm": "Arunachal Pradesh"
          }
        },
        {
          "type": "Polygon",
          "arcs": [[-9, 64, -58, -37, -53]],
          "properties": {
            "dt_code": "763",
            "district": "Kra Daadi",
            "st_code": "12",
            "year": "2015_c",
            "st_nm": "Arunachal Pradesh"
          }
        },
        {
          "type": "Polygon",
          "arcs": [[-21, 19, 65, -50]],
          "properties": {
            "dt_code": "762",
            "district": "Namsai",
            "st_code": "12",
            "year": "2014_c",
            "st_nm": "Arunachal Pradesh"
          }
        },
        {
          "type": "Polygon",
          "arcs": [[-40, 66]],
          "properties": {
            "dt_code": "761",
            "district": "Longding",
            "st_code": "12",
            "year": "2012_c",
            "st_nm": "Arunachal Pradesh"
          }
        },
        {
          "type": "Polygon",
          "arcs": [[-46, 67, 68, 69, 70, 71]],
          "properties": {
            "dt_code": "252",
            "district": "Upper Siang",
            "st_code": "12",
            "year": "2011_c",
            "st_nm": "Arunachal Pradesh"
          }
        },
        {
          "type": "Polygon",
          "arcs": [[-7, 72, 73, 74, 75, 76, -44, 77, 78]],
          "properties": {
            "dt_code": "779",
            "district": "Lower Siang",
            "st_code": "12",
            "year": "2018",
            "st_nm": "Arunachal Pradesh"
          }
        },
        {
          "type": "Polygon",
          "arcs": [[-71, 79, 80]],
          "properties": {
            "dt_code": "257",
            "district": "Upper Dibang Valley",
            "st_code": "12",
            "year": "2011_c",
            "st_nm": "Arunachal Pradesh"
          }
        },
        {
          "type": "Polygon",
          "arcs": [[-15, -52, 81, -49, 47, -47, -72, -81, 82]],
          "properties": {
            "dt_code": "258",
            "district": "Lower Dibang Valley",
            "st_code": "12",
            "year": "2011_c",
            "st_nm": "Arunachal Pradesh"
          }
        },
        {
          "type": "Polygon",
          "arcs": [[-45, -77, 83, 84, -68]],
          "properties": {
            "dt_code": "764",
            "district": "Siang",
            "st_code": "12",
            "year": "2015_c",
            "st_nm": "Arunachal Pradesh"
          }
        },
        {
          "type": "Polygon",
          "arcs": [[-12, 85, -69, -85, 86, 87]],
          "properties": {
            "dt_code": "785",
            "district": "Shi Yomi",
            "st_code": "12",
            "year": "2018",
            "st_nm": "Arunachal Pradesh"
          }
        },
        {
          "type": "Polygon",
          "arcs": [[-34, 32, -32, 30, -30, 28, -28, 88, -63, -61]],
          "properties": {
            "dt_code": "783",
            "district": "Pakke Kessang",
            "st_code": "12",
            "year": "2018",
            "st_nm": "Arunachal Pradesh"
          }
        },
        {
          "type": "Polygon",
          "arcs": [[-1, 87, -87, -84, -76, 89, 90, 91, 92, 93, 94, 95]],
          "properties": {
            "dt_code": "250",
            "district": "West Siang",
            "st_code": "12",
            "year": "2011_c",
            "st_nm": "Arunachal Pradesh"
          }
        },
        {
          "type": "Polygon",
          "arcs": [
            [-6, 4, -4, 2, 2, -2, -96, 94, -94, 92, -92, 90, -90, -75, 73, -73]
          ],
          "properties": {
            "dt_code": "784",
            "district": "Lepa Rada",
            "st_code": "12",
            "year": "2018",
            "st_nm": "Arunachal Pradesh"
          }
        },
        {
          "type": "Polygon",
          "arcs": [[-8, -79, 96, -26, -59, -65]],
          "properties": {
            "dt_code": "778",
            "district": "Kamle",
            "st_code": "12",
            "year": "2018",
            "st_nm": "Arunachal Pradesh"
          }
        }
      ]
    }
  },
  "arcs": [
    [
      [210.30996928232526, 221.09737985083984],
      [210.4306059759847, 221.98498035685316],
      [208.5406311086299, 223.5824380919089],
      [208.3395699525281, 224.75372486709557],
      [209.7469980452397, 227.3796867756173],
      [211.43591175649362, 228.16022893535592],
      [208.94275342083256, 227.84092449480022],
      [207.8972354091038, 228.97617722166797],
      [207.81681094666328, 231.7072871037085],
      [206.97235409103723, 232.80658894004864],
      [209.54593688913792, 237.52141418685414],
      [209.58614912035864, 242.48170567677062],
      [215.1354370287636, 245.31492586907234],
      [216.3820161965932, 247.58085818621976],
      [216.42222842781393, 247.58085818621976]
    ],
    [
      [216.42222842781393, 247.58085818621976],
      [218.51326445127143, 248.11185338362384]
    ],
    [
      [218.51326445127143, 248.11185338362384],
      [218.51326445127143, 248.11185338362384]
    ],
    [
      [218.51326445127143, 248.11185338362384],
      [219.92069254398302, 250.55402728085346],
      [219.43814576933983, 252.7124984018942],
      [219.96090477520374, 253.9507317564976],
      [221.85087964255854, 257.52296548980803],
      [224.38425020943941, 258.54839485622915]
    ],
    [
      [224.38425020943941, 258.54839485622915],
      [224.38425020943941, 258.54839485622915]
    ],
    [
      [224.38425020943941, 258.54839485622915],
      [224.42446244065923, 258.54839485622915],
      [224.54509913432048, 260.1746989848666]
    ],
    [
      [224.54509913432048, 260.1746989848666],
      [224.1429768221169, 260.52820458974566],
      [224.1027645908971, 260.9170447699089],
      [223.6202178162539, 261.0584370478132],
      [213.44652331750967, 263.6737950978554],
      [213.0041887740863, 264.98119039179437],
      [208.86232895839203, 266.288396735446],
      [205.40407707344457, 269.3613545271646],
      [205.36386484222385, 269.3613545271646],
      [204.15749790561404, 268.3018316979874]
    ],
    [
      [204.15749790561404, 268.3018316979874],
      [204.15749790561404, 268.2665121358682],
      [200.69924602066567, 265.2638456063796],
      [194.94889695615802, 265.0871871323352],
      [194.8684724937175, 263.0023564701751],
      [192.4959508517186, 262.40155330736934],
      [191.69170622731144, 260.5635543889771],
      [186.18263055012721, 261.94208863843824],
      [184.21223122033007, 256.74497577342663],
      [185.74029600670292, 254.44597742639826],
      [182.44289304663653, 253.0309175305124],
      [181.51801172856722, 253.0309175305124],
      [180.63334264172136, 252.25253977294688],
      [178.34124546216117, 251.22639348846133],
      [177.8989109187387, 251.15562046490732]
    ],
    [
      [177.8989109187387, 251.15562046490732],
      [176.9740296006703, 251.01407274733265],
      [176.37084613236584, 249.35072016348659],
      [174.27981010890926, 248.3242426757215],
      [174.07874895280747, 246.9436225138029],
      [171.42474169226443, 244.92541114582582],
      [171.50516615470588, 243.29634815000873],
      [170.01731359955375, 242.58796758834615],
      [171.94750069812926, 240.39163201174506],
      [171.62580284836804, 239.29326227312004],
      [172.79195755375713, 238.655437366358],
      [169.41413013124838, 232.02645319261637],
      [168.9315833566052, 229.61469337277276],
      [163.46271991063986, 227.41516744759747],
      [158.75788885786187, 223.65342955709048],
      [157.1493996090494, 222.48199794773655],
      [155.70175928511617, 223.9373897550695],
      [153.28902541189655, 223.75991569306007],
      [152.12287070650746, 226.67004366900164],
      [152.12287070650746, 226.7055271666054],
      [151.47947500698137, 226.88294253503818],
      [148.38313320301586, 227.62804851335068],
      [147.94079865959338, 227.73448713957123],
      [142.39151075118752, 225.8893709639142],
      [140.7025970399336, 226.6345600300815]
    ],
    [
      [140.7025970399336, 226.6345600300815],
      [140.58196034627326, 226.7055271666054],
      [140.4613236526111, 226.52810826541327],
      [138.65177324769684, 225.74742312121953],
      [138.37028762915543, 225.78291029397678],
      [138.24965093549326, 225.56998513647795],
      [137.1639206925447, 223.75991569306007],
      [135.5152192125106, 223.79541078857983],
      [135.35437028762954, 223.44045346255098],
      [134.95224797542687, 223.36946029832507],
      [134.3490645071215, 222.12698821683944],
      [133.6252443451558, 221.84297022935607],
      [133.6252443451558, 220.67130013211863],
      [131.85590617146136, 219.85459024543843],
      [128.71935213627603, 220.95535554693834],
      [127.87489528064816, 218.89574806861674],
      [125.74364702597086, 219.144346717801],
      [123.4917620776323, 221.45243068527998],
      [123.57218654007283, 220.77782197634224]
    ],
    [
      [123.57218654007283, 220.77782197634224],
      [124.25579447081964, 215.94754775639467],
      [120.55626919854876, 213.24713145236728],
      [124.53728008936105, 209.05274852072534],
      [127.55319743088603, 207.20374531473362],
      [129.72465791678405, 202.04582715516608],
      [129.32253560458048, 199.26997588255108],
      [131.37335939681816, 198.52248199742735],
      [132.05696732756223, 195.85234323234636],
      [137.56604300474828, 194.7840610060257],
      [140.05920134040844, 192.82520672073406],
      [141.5872661267813, 194.85528385469252],
      [143.39681653169555, 192.1840323820843],
      [146.53337056688088, 194.2854849259129],
      [152.88690309969388, 194.392325035275],
      [161.09019826864005, 191.75655684696267],
      [164.30717676626682, 193.5019511485002],
      [169.37391790002857, 190.224598774877],
      [174.92320580843443, 193.35948296416882],
      [177.9391231499585, 189.7613960773283]
    ],
    [
      [177.9391231499585, 189.7613960773283],
      [179.94973471097455, 191.82780421288908],
      [182.44289304663653, 194.89089506289838],
      [181.15610164758527, 197.38332177600842],
      [180.83440379782314, 201.04946821905787],
      [185.98156939402452, 204.28722365281646],
      [187.8715442613793, 204.53623259548658],
      [188.71600111700718, 205.78117205082344],
      [189.15833566043057, 209.62159485710163],
      [191.65149399609163, 212.64297838230823],
      [192.33510192683661, 213.03390565961672],
      [193.13934655124376, 213.2115941764564],
      [196.87908405473445, 212.92729083957556],
      [197.76375314158122, 213.60249637569223],
      [198.52778553476765, 212.0387841208476],
      [202.26752303825833, 213.5314245307045],
      [203.43367774364742, 214.52637851870213],
      [202.95113096900423, 216.30280449723432],
      [203.43367774364742, 218.00783894774395],
      [205.001954761241, 219.49947557836867],
      [207.81681094666328, 219.89010093162187],
      [207.8972354091038, 219.96112187828794],
      [209.14381457693526, 221.3104120528642],
      [210.26975705110362, 220.95535554693834],
      [210.30996928232526, 221.09737985083984]
    ],
    [
      [391.4660709299087, 280.12615198654385],
      [390.5411896118412, 280.69051080469126],
      [385.67550963418125, 279.1737171018899],
      [384.42893046635163, 281.18429606658765],
      [384.3485060039102, 281.29010370949163],
      [380.89025411896273, 278.6445435182836],
      [380.00558503211505, 278.46814548138263],
      [379.6034627199115, 277.6566704329539]
    ],
    [
      [379.6034627199115, 277.6566704329539],
      [375.82351298520007, 276.5628285672451],
      [375.139905054456, 275.89234427368046],
      [374.37587266126866, 275.6453112702661],
      [374.0139625802858, 274.83358409266975],
      [373.65205249930204, 274.09237851023454],
      [373.41077911198136, 273.5982078321463],
      [373.69226473052277, 273.2099119943359],
      [375.1801172856758, 271.23287548799044],
      [373.37056688076063, 268.5490647763336],
      [373.16950572465885, 268.23119243601104],
      [374.57693381737045, 265.1931826307746],
      [373.2499301870994, 261.27052131405935],
      [371.1991063948626, 261.62398402445024],
      [366.9768221167287, 257.6644109543481],
      [358.6931024853402, 255.7900784426879],
      [356.88355208042594, 251.47409468633577],
      [349.2432281485626, 244.2171592362638],
      [348.84110583635993, 243.3671831284355],
      [348.15749790561404, 241.77326074070106],
      [352.1385087964263, 238.44281896493567],
      [352.7416922647317, 235.0047868265333],
      [349.80619938564723, 228.5859504005548],
      [350.2485339290706, 225.67644835152623],
      [352.862328958392, 221.02636798249387],
      [350.97235409103723, 218.86023340795282],
      [350.53001954761294, 218.50507899131298]
    ],
    [
      [350.53001954761294, 218.50507899131298],
      [350.61044401005347, 218.36301324823262],
      [350.4093828539526, 218.1499103725405],
      [351.1332030159183, 217.33296863549867]
    ],
    [
      [351.1332030159183, 217.33296863549867],
      [355.23485060039184, 216.87118570364055],
      [355.8782462999179, 219.39293841065728],
      [356.8031276179845, 219.53498768373356],
      [357.3258866238493, 221.02636798249387],
      [358.29098017313754, 220.84883583003193],
      [359.05501256632397, 220.4937608883747],
      [359.73862049706804, 217.08431927259244],
      [361.6688075956454, 214.77509957309576],
      [365.4889695615766, 214.8816921754501],
      [370.59592292655816, 211.11464259991953],
      [376.8690309969288, 210.90136547826842],
      [383.2225635297409, 214.63297411043914],
      [385.5146607093002, 218.93126258729626],
      [390.62161407428266, 219.144346717801],
      [394.0798659592301, 217.65265044080752],
      [396.05026528902636, 221.09737985083984],
      [401.23764311644845, 223.5469421469502],
      [403.16783021502397, 222.69499698561594],
      [405.339290700922, 220.03214225737338],
      [408.31499581122716, 219.07331924219534],
      [412.698129014243, 222.05598457027236],
      [414.3066182630564, 225.0021598267317],
      [418.0061435353264, 224.96666954261127],
      [419.252722703156, 227.02487228645214],
      [422.268640044681, 226.9539076933229],
      [424.52052499302044, 229.01165154047658],
      [429.06450712091737, 231.21078383878694],
      [430.95448198827216, 233.90575548392326],
      [428.8634459648165, 233.33846060766882],
      [425.8073163920699, 236.45813690811065],
      [425.3649818486465, 237.69861478150005],
      [426.41049986037524, 240.10819465212307],
      [424.279251605697, 242.30459969178992],
      [424.11840268081596, 243.6505174474878],
      [425.8475286232897, 244.64211709082474],
      [428.9438704272552, 244.2171592362638],
      [428.54174811505254, 245.70442368798376],
      [429.1851438145777, 246.83741217257148],
      [432.0000000000009, 248.11185338362384],
      [430.23066182630737, 249.1029604688233],
      [429.26556827701916, 251.26177979144086],
      [429.06450712091737, 254.76433526385426],
      [429.94917620776505, 256.24985645186734],
      [429.30578050823897, 256.9571614444153],
      [430.0698129014254, 258.76053810385656],
      [428.26026249651113, 259.7151210025986],
      [426.69198547891847, 258.9726763636031],
      [425.04328399888436, 259.3262290474445],
      [425.28455738620596, 257.45224192560045],
      [424.1586149120367, 255.96691891429145],
      [420.29824071488474, 257.62904979619043],
      [413.22088802010785, 264.8751924090643],
      [408.95839151075234, 267.312831882944],
      [408.1541468863452, 271.5506425628055],
      [406.2239597877697, 270.3501307299912],
      [405.1784417760409, 271.1269506550507],
      [404.01228707065184, 270.2795074357773],
      [400.634459648144, 275.5394379264635],
      [400.4333984920413, 277.16269363367155],
      [396.8947221446524, 277.5861039622573],
      [394.60262496509404, 281.53698342759935],
      [391.4660709299087, 280.12615198654385]
    ],
    [
      [391.4660709299087, 280.12615198654385],
      [394.0798659592301, 281.36064145492674],
      [393.597319184586, 284.39324782987296],
      [394.9243228148571, 284.39324782987296],
      [394.80368612119673, 287.31910916099287],
      [396.93493437587404, 290.31450127948847],
      [395.08517173973814, 292.1112652421866],
      [394.5624127338742, 294.92900751392335],
      [396.6936609885506, 296.6896560324476],
      [396.8947221446524, 298.02752261533624],
      [398.9053337056703, 299.153995656638],
      [398.9053337056703, 301.5472915760265],
      [400.95615749790704, 303.9399636243079],
      [401.5593409662115, 306.05062749299213],
      [403.77101368332933, 306.89475738715873],
      [405.7414130131265, 310.4814458256001],
      [408.1943591175659, 312.6609074635917],
      [408.355208042447, 314.7695734916374],
      [413.74364702597177, 320.6712776876534],
      [413.5827981010907, 322.2514518223761],
      [411.85367215861606, 324.849374120859],
      [409.0790282044127, 323.41007476656523],
      [408.837754817092, 324.4281389182911],
      [406.34459648143, 324.849374120859],
      [403.9318626082113, 321.54918551852825],
      [401.1572186540079, 320.84686591810214],
      [400.51382295448275, 319.6528002152263],
      [394.4417760402139, 318.49370661912826],
      [391.3856464674682, 316.7372271597046],
      [390.9835241552655, 314.98041358973614],
      [393.2756213348239, 313.64501159697556],
      [393.23540910360316, 310.97362738012],
      [390.42055291817996, 309.95407926380994],
      [390.5009773806205, 308.40696310350677],
      [386.72102764591, 303.7992354628018],
      [379.8849483384547, 301.61767318349894],
      [379.4426137950304, 302.8140779623386],
      [372.646746718794, 302.14551803960785],
      [371.56101647584546, 303.6233222294595],
      [371.96313878804995, 304.81946580568683],
      [368.6255235967619, 306.08580111885476],
      [366.61491203574496, 308.72343983257224],
      [365.40854509913606, 307.6684750805539],
      [361.7492320580859, 307.0354381714178],
      [356.48142976822237, 308.8640926642429],
      [350.57023177883366, 308.0904754926514],
      [348.23792236805457, 308.9695808777856],
      [348.0368612119528, 309.95407926380994],
      [344.86009494554673, 309.3563606539378],
      [341.6833286791407, 311.8173060301965],
      [339.47165596202285, 311.88760909833036],
      [334.6461882155836, 313.96130848468374],
      [329.6598715442615, 317.580378974576],
      [328.7752024574147, 320.6712776876534],
      [325.6386484222294, 324.28772292832673],
      [324.030159173416, 328.1834774222925],
      [320.9740296006721, 329.20101763726734],
      [318.48087126501014, 331.3409969401582],
      [315.5855906171473, 331.79699438462967],
      [313.45434236247, 331.2006855320492],
      [309.99609047752074, 336.25056272527763],
      [310.3580005585036, 337.6528202018412],
      [309.4733314716568, 338.5291239452681],
      [309.2320580843343, 341.01737746678145],
      [307.14102206087773, 342.41891817575606],
      [304.40659033789507, 341.01737746678145],
      [304.80871265009864, 340.38661545378363]
    ],
    [
      [304.80871265009864, 340.38661545378363],
      [305.49232058084453, 339.230107616253],
      [304.5272270315563, 333.65582941407],
      [301.7123708461322, 333.1999231432774],
      [300.86791399050617, 331.5163832207754],
      [300.7070650656242, 330.2184463336275],
      [302.23512985199704, 327.2009189172695],
      [301.4308852275908, 324.14730481016204],
      [303.240435632506, 322.0758902416842],
      [303.562133482269, 318.21269234268766],
      [301.55152192125297, 316.4561594503002],
      [301.06897514660795, 313.3638497025404]
    ],
    [
      [301.06897514660795, 313.3638497025404],
      [304.56743926277704, 311.5712410687797],
      [307.42250767942005, 311.78215429504417],
      [309.03099692823344, 310.3408176945827],
      [311.8056408824359, 310.0947132992319],
      [313.3739179000286, 308.8992555363907],
      [313.6554035185709, 309.8134430809778],
      [317.6766266406048, 308.6531126108489],
      [317.4353532532823, 309.989237973979],
      [320.0893605138235, 311.2900159253186],
      [320.9740296006721, 309.74312418422414],
      [320.4512705948064, 309.0750678826653],
      [325.07567718514474, 306.68373217660474],
      [324.7137671041619, 306.1209746101795],
      [326.24183189053474, 305.55818260272736],
      [325.4777994973474, 305.2767736798278],
      [327.24713767104276, 302.91963560603244],
      [329.13711253839756, 301.9343837392116],
      [326.8048031276194, 298.30915385267963],
      [325.83970957833026, 298.0627269932311],
      [325.75928511589063, 296.97132838926336],
      [324.67355487294117, 297.67547139895805],
      [323.70846132365295, 296.1967085663291],
      [321.2555152192135, 296.4431856154765],
      [319.6068137391803, 299.4355922936629],
      [319.40575258307854, 296.37276427823144],
      [317.51577771572283, 297.6402655335123],
      [317.7168388718246, 298.6259786524961],
      [316.59089639765625, 297.49944071920754],
      [317.2342920971814, 294.5768371786062],
      [318.52108349623086, 293.7667939771718],
      [318.76235688355246, 291.5476126064291],
      [319.68723820162086, 291.2305427261467],
      [318.8829935772137, 289.9621531927278],
      [318.76235688355246, 287.31910916099287]
    ],
    [
      [318.76235688355246, 287.31910916099287],
      [318.76235688355246, 287.31910916099287]
    ],
    [
      [318.76235688355246, 287.31910916099287],
      [318.76235688355246, 287.10763257754115],
      [328.17201898911026, 286.2969269327614],
      [332.5551521921261, 282.1717862532523],
      [337.3001954761248, 281.0784871939063],
      [337.82295448198965, 282.1717862532523],
      [344.5786093270053, 285.3451370586354],
      [349.685562691986, 286.1206770418712],
      [350.690868472494, 285.4508963944195],
      [350.97235409103723, 285.20412270286306]
    ],
    [
      [350.97235409103723, 285.20412270286306],
      [355.47612398771435, 278.9620513629502],
      [356.2803686121206, 279.45593042576274],
      [357.0444010053061, 278.6445435182836],
      [360.42222842781393, 278.32702458817676],
      [361.3471097458814, 279.27954812435337],
      [363.39793353812, 278.85621664630844],
      [366.2530019547621, 279.63230930746295],
      [370.9176207763194, 278.044776231126],
      [375.2203295168947, 280.37306327580427],
      [378.2764590896413, 278.1506203917502],
      [379.6034627199115, 277.6566704329539]
    ],
    [
      [34.42166992460261, 291.82944326799407],
      [31.968723820162268, 293.94289642500144],
      [29.033230941078727, 294.29509115391375],
      [22.39821278972431, 292.4635304956305],
      [20.87014800335146, 293.5906881399296],
      [12.90812622172598, 293.4850230105103],
      [12.224518290980996, 291.75898641710364],
      [10.696453504608144, 290.8077657757485],
      [8.002234012847111, 292.42830458092567],
      [5.58950013962567, 289.9269176366629],
      [4.785255515220342, 287.56582564819064],
      [3.659313041051064, 287.74204762738964],
      [1.2867913990512534, 284.00541260912814],
      [2.332309410779999, 281.99545657389444],
      [1.0053057805089338, 279.91450840611697],
      [3.82016196593122, 275.01005269447614],
      [5.870985758168899, 273.8805943711109],
      [7.037140463557989, 268.9728772115536],
      [6.192683607931031, 266.00577352870914],
      [4.021223122033007, 264.3098488520127],
      [1.568277017593573, 264.76919318406954],
      [0, 261.41190805809856],
      [8.685841943591186, 261.19982711202647],
      [12.184306059761184, 264.94585786890775],
      [15.763194638369896, 265.97044500719767],
      [20.62887461602986, 265.1931826307746],
      [23.28288187657199, 271.30349135584174],
      [24.609885506842147, 272.57448296300754],
      [26.78134599274017, 272.2214476033341],
      [27.545378385925687, 273.13931096606257],
      [29.515777715722834, 272.0096197923531],
      [30.27981010890926, 270.1735714626825],
      [32.37084613236493, 268.5843832366377],
      [37.63864842222847, 269.4672999952095],
      [45.03769896677022, 263.0023564701751],
      [48.2948896956168, 261.34121496274247],
      [52.31611281764981, 260.9170447699089],
      [56.17648701480084, 267.8073452928629],
      [61.48450153588419, 266.50035834822984],
      [61.72577492320579, 264.8045263971021],
      [63.49511309690024, 264.2391784222318],
      [66.18933258866309, 266.0411019122853],
      [67.91845853113773, 264.8398594721011]
    ],
    [
      [67.91845853113773, 264.8398594721011],
      [67.3956995252729, 267.312831882944],
      [67.35548729405309, 267.5600919640201]
    ],
    [
      [67.35548729405309, 267.5600919640201],
      [67.27506283161165, 267.59541428151715],
      [63.81681094666419, 269.74981518747745],
      [63.857023177884, 273.63350662998846],
      [62.36917062273187, 276.66868998567907],
      [58.669645350460996, 276.66868998567907],
      [53.28120636693711, 278.6798227150816],
      [51.43144373080304, 278.46814548138263],
      [49.78274225076893, 280.44360812801006],
      [49.78274225076893, 282.45390663936814],
      [48.81764870148072, 284.32273356263477],
      [44.59536442334593, 284.569531111551],
      [41.65987154426148, 288.90502738167606],
      [37.03546495392493, 289.6097915161613],
      [34.42166992460261, 291.7237577880396],
      [34.42166992460261, 291.82944326799407]
    ],
    [
      [176.45127059480728, 290.06785904555136],
      [184.051382295449, 291.05438804011465],
      [185.78050823792273, 292.4635304956305],
      [188.5149399609054, 291.5476126064291],
      [191.8123429209718, 288.4821427929078],
      [194.78804803127696, 288.02399571779506],
      [195.8335660430066, 288.41166012392796],
      [196.91929628595426, 290.59636996623703]
    ],
    [
      [196.91929628595426, 290.59636996623703],
      [192.25467746439608, 293.0975737608105],
      [192.45573862049787, 294.18943415846115],
      [187.3085730242965, 298.6963826766596],
      [185.13711253839847, 302.49739775100306],
      [180.0703714046358, 305.24159695876915],
      [166.43842502094412, 320.1093729515055],
      [166.3982127897234, 321.09268384220786],
      [165.83524155263967, 321.12780015536555],
      [167.84585311365572, 322.77811658851533],
      [168.7707344317232, 325.3758911991267],
      [168.12733873219804, 326.8850744376623],
      [166.76012287070716, 326.8499799426568],
      [166.23736386484325, 327.6220281615224],
      [165.51354370287754, 326.42883564345175],
      [165.99609047752074, 327.6220281615224],
      [164.78972354091093, 328.1834774222925],
      [164.58866238480914, 326.99035712592104],
      [164.38760122870735, 328.3589233496359],
      [163.82462999162271, 327.30619802052115],
      [163.58335660430112, 329.16593190048934],
      [160.32616587545544, 330.7095789155446],
      [158.43619100809883, 332.91935432797663],
      [158.43619100809883, 332.91935432797663],
      [156.90812622172598, 334.1467804064973],
      [156.0234571348792, 335.0234141697201],
      [155.7821837475576, 335.0584778024195],
      [141.98938843898395, 337.61776633772524],
      [141.70790282044163, 337.6528202018412],
      [141.6274783580011, 337.58271234170934],
      [140.09941357162825, 336.495973026153],
      [136.39988829935828, 335.97008588902054]
    ],
    [
      [136.39988829935828, 335.97008588902054],
      [135.87712929349345, 335.86490489686685],
      [135.59564367495204, 335.1286046714804],
      [135.11309690030794, 333.69089820150884],
      [132.09717955878295, 333.02456862582903]
    ],
    [
      [132.09717955878295, 333.02456862582903],
      [132.09717955878295, 333.02456862582903]
    ],
    [
      [132.09717955878295, 333.02456862582903],
      [132.29824071488474, 329.4115292733791],
      [130.0865679977669, 325.86728015555127],
      [128.6389276738355, 325.97257440034355],
      [127.11086288746264, 323.86646218848],
      [122.68751745322606, 322.7078963507156]
    ],
    [
      [122.68751745322606, 322.7078963507156],
      [122.68751745322606, 322.7078963507156]
    ],
    [
      [122.68751745322606, 322.7078963507156],
      [122.84836637810804, 321.0224508160468],
      [130.00614353532637, 318.1424374384301],
      [127.23149958112299, 314.98041358973614],
      [123.69282323373409, 315.7885893519101],
      [123.2504886903107, 315.89399836577013],
      [123.33091315275124, 314.9101340922348],
      [123.57218654007283, 313.0123852808888],
      [123.57218654007283, 312.97723810201114]
    ],
    [
      [123.57218654007283, 312.97723810201114],
      [123.57218654007283, 312.97723810201114]
    ],
    [
      [123.57218654007283, 312.97723810201114],
      [124.29600670203945, 312.7312040988436],
      [123.69282323373409, 311.5712410687797],
      [128.71935213627603, 308.442127721848],
      [128.27701759285264, 305.31195026627984],
      [129.402960067021, 304.1862327203853],
      [130.60932700363082, 303.6233222294595],
      [131.37335939681816, 303.06037724370753]
    ],
    [
      [131.37335939681816, 303.06037724370753],
      [134.59033789444402, 301.79362484123294],
      [134.3490645071215, 298.0627269932311],
      [134.3088522759008, 298.0627269932311],
      [131.37335939681816, 295.77416104917893],
      [130.24741692264797, 295.8797997562597],
      [131.17229824071546, 294.25987229096563],
      [130.68975146607136, 292.0760379704502],
      [128.71935213627603, 289.2221779721508],
      [131.41357162803797, 286.3321765023011],
      [129.1616866796985, 284.4637615516326],
      [127.83468304942835, 284.60478735881225],
      [127.99553197431032, 283.6880806070217],
      [127.07065065624192, 283.1239075382264],
      [123.89388438983678, 282.48917107319676],
      [123.9340966210566, 282.418642069003]
    ],
    [
      [123.9340966210566, 282.418642069003],
      [128.51829098017333, 277.90364876689773],
      [131.33314716559653, 276.9156951662785],
      [144.9650935492882, 278.5387051067396]
    ],
    [
      [144.9650935492882, 278.5387051067396],
      [147.0561295727466, 280.90213633971825]
    ],
    [
      [147.0561295727466, 280.90213633971825],
      [147.17676626640605, 281.04321729638286],
      [148.50376989667802, 282.52443537049703],
      [152.56520524992993, 288.341176910827],
      [151.80117285674532, 291.5123831628275],
      [148.9058922088807, 293.34413427286745],
      [148.10164758447445, 296.16149701784525],
      [149.66992460206802, 296.407975014532],
      [151.2784138508805, 302.00476237886323],
      [152.203295168948, 302.84926397837853],
      [153.53029879921814, 302.60295903490396],
      [156.10388159731974, 304.60839295865026],
      [161.61295727450488, 303.23630125798627],
      [164.87014800335237, 303.41222190281405],
      [166.47863725216484, 301.68805425131404],
      [167.96648980731788, 302.77889181148294],
      [168.60988550684215, 302.3214595809941],
      [168.0067020385368, 297.2529920864963],
      [169.6554035185709, 295.9502248839872],
      [169.85646467467268, 293.9076762065715],
      [172.5104719352139, 291.7237577880396],
      [176.45127059480728, 290.06785904555136]
    ],
    [
      [304.80871265009864, 340.38661545378363],
      [303.5219212510483, 340.45670222832587],
      [300.908126221726, 342.87437359450814],
      [300.54621614074404, 345.4315184604757],
      [299.17900027925225, 347.8479027737176],
      [296.32393186260833, 347.60279079046086],
      [294.3937447640337, 346.0269175000458],
      [291.61910080983034, 348.96833293558666],
      [290.93549287908445, 347.462723916492]
    ],
    [
      [290.93549287908445, 347.462723916492],
      [291.5788885786096, 342.6291311301925],
      [286.8338452946109, 343.3998714704858],
      [283.4560178721031, 340.59687419744796],
      [282.2898631667149, 339.65067251800383],
      [281.48561854230684, 337.7579810028069],
      [282.16922647305364, 331.6917661911607],
      [280.9226473052231, 329.72728777826705],
      [283.0136833286797, 328.74489271511993],
      [282.89304663501935, 325.44609121634494],
      [281.96816531695094, 324.74406711545],
      [282.1290142418329, 324.49834611525694],
      [282.0888020106131, 324.4281389182911]
    ],
    [
      [282.0888020106131, 324.4281389182911],
      [282.2898631667149, 324.28772292832673],
      [283.65707902820486, 323.26964334289414],
      [286.3512985199677, 322.0056646770454],
      [286.7534208321704, 322.0056646770454],
      [286.87405752583163, 321.7598710047546],
      [287.43702876291536, 321.4789559572191],
      [287.7587266126784, 321.72475709012633],
      [287.9195755375604, 321.2682640752628],
      [288.4021223122036, 320.0391324592197],
      [287.7587266126784, 319.4069440196331],
      [288.7238201619675, 317.4047286925738],
      [288.160848924882, 315.26152622832615],
      [288.9248813180684, 314.1370242920252],
      [290.0508237922377, 312.450014342076],
      [290.5735827981016, 312.2391163964289],
      [291.4582518849502, 311.85245763129024],
      [291.86037419715285, 310.76269564771565],
      [293.79056129572746, 310.55175908608135],
      [297.04775202457495, 312.90694334237605],
      [298.3345434236253, 313.8558773937784],
      [298.49539234850636, 313.96130848468374],
      [299.21921251047297, 313.6801562311848],
      [301.06897514660795, 313.3638497025404]
    ],
    [
      [292.62440659033837, 259.1140990993799],
      [292.62440659033837, 259.1140990993799]
    ],
    [
      [292.62440659033837, 259.1140990993799],
      [292.30270874057624, 259.39693792207254],
      [282.3300753979347, 262.7903128560879],
      [277.102485339291, 260.386804008775],
      [272.7193521362751, 261.871399692257],
      [269.7838592571925, 262.8963352850269],
      [264.4356325048884, 264.73385983299613]
    ],
    [
      [264.4356325048884, 264.73385983299613],
      [262.86735548729575, 261.34121496274247],
      [263.2694777994984, 257.45224192560045],
      [259.6503769896681, 256.391321890148],
      [260.9371683887184, 252.07562634840042],
      [259.32867913990594, 247.43925416593447]
    ],
    [
      [259.32867913990594, 247.43925416593447],
      [262.86735548729575, 247.36845131866858],
      [269.50237363864926, 244.99623326212577],
      [272.07595643675086, 245.45656339524658],
      [275.65484501535957, 241.84410775408423],
      [276.13739179000277, 239.29326227312004],
      [272.8399888299364, 236.84801991817722],
      [271.15107511868246, 236.38724726213786]
    ],
    [
      [271.15107511868246, 236.38724726213786],
      [274.2474169226489, 232.91296580733706],
      [276.7003630270883, 232.48745073557484],
      [276.8612119519694, 230.67878540443644],
      [279.55543144373223, 228.9407027617426],
      [279.87712929349345, 225.67644835152623],
      [282.611561016477, 223.29846656770042]
    ],
    [
      [282.611561016477, 223.29846656770042],
      [282.69198547891756, 223.29846656770042],
      [283.0538955598995, 223.68892507731834],
      [286.5523596760695, 223.1564774071635],
      [287.9195755375604, 226.20874533948063],
      [288.643395699527, 227.87640333078025]
    ],
    [
      [288.643395699527, 227.87640333078025],
      [288.643395699527, 227.87640333078025]
    ],
    [
      [288.643395699527, 227.87640333078025],
      [289.44764032393323, 227.52160861605262],
      [293.79056129572746, 225.60547301623046],
      [293.95141022060943, 225.7119358070713],
      [295.84138508796514, 227.982838991481],
      [295.92180955040567, 228.08927338138074],
      [295.84138508796514, 243.8630123130597],
      [295.64032393186426, 245.10246538859292],
      [293.4286512147455, 249.3861138481243],
      [291.41803965372947, 253.31394730096417],
      [291.2571907288475, 253.56159105158304],
      [291.337615191288, 253.87998015185258],
      [292.62440659033837, 259.1140990993799]
    ],
    [
      [350.97235409103723, 285.20412270286306],
      [349.0421669924608, 283.0886455614959],
      [349.5247137671049, 280.37306327580427],
      [347.91622451829153, 278.39758530853624],
      [347.23261658754654, 272.75099549115475],
      [348.15749790561404, 267.0655650486051],
      [343.3320301591739, 259.6090612220987],
      [329.7402960067029, 261.871399692257],
      [313.6554035185709, 271.3741066737648],
      [311.16224518291074, 271.90370403171164],
      [311.40351857023234, 271.7271750153286]
    ],
    [
      [311.40351857023234, 271.7271750153286],
      [311.7654286512161, 271.5859493282187],
      [311.7654286512161, 271.48002861959003],
      [311.5241552638936, 269.92638271009446],
      [314.25858698687625, 266.18241406731977],
      [316.0681373917914, 265.2285141875773],
      [316.0681373917914, 265.1931826307746],
      [316.10834962301124, 265.1931826307746],
      [316.0681373917914, 264.02716381877417],
      [318.48087126501014, 263.32041256370894],
      [318.52108349623086, 263.2850735504521],
      [321.81848645629816, 259.0787436232249],
      [322.50209438704405, 259.255519618805],
      [321.81848645629816, 258.6191098263539],
      [323.42697570511154, 257.8765749918389],
      [322.8640044680269, 257.4876037770364],
      [324.5529181792808, 256.03765413137216],
      [324.5529181792808, 256.03765413137216],
      [324.5529181792808, 256.00228659222694],
      [324.2714325607376, 254.552097955735],
      [324.67355487294117, 254.05685812124148],
      [325.75928511589063, 252.7124984018942]
    ],
    [
      [325.75928511589063, 252.7124984018942],
      [325.79949734711136, 252.7124984018942],
      [327.04607651494007, 252.8540194051825],
      [329.056688075957, 249.77543518232778],
      [329.4990226193813, 245.98768421372597],
      [332.2334543423631, 242.23375631807085],
      [332.35409103602433, 242.09206789096334],
      [332.35409103602433, 242.05664543423882],
      [332.43451549846486, 241.73783702399578],
      [333.2387601228711, 239.29326227312004],
      [333.2387601228711, 239.0806590197899],
      [333.11812342921075, 235.39473320828847],
      [333.0376989667693, 233.48028770393194],
      [334.6461882155836, 233.4093744372626],
      [335.45043283999075, 233.51574412617947],
      [338.50656241273464, 235.18203729052993],
      [343.8950013962585, 230.11128544776602],
      [347.7553755934114, 229.43733236042],
      [345.58391510751335, 224.36331306650663],
      [349.40407707344457, 220.60028486014198],
      [350.53001954761294, 218.50507899131298]
    ],
    [
      [140.7025970399336, 226.6345600300815],
      [140.74280927115433, 226.67004366900164],
      [139.9787768779679, 232.6647511460228],
      [140.94387042725612, 239.96647260872942],
      [142.87405752583163, 240.745916099861],
      [144.32169784976395, 243.61510114710882],
      [149.06674113376266, 244.60670470504647],
      [150.3535325328121, 251.26177979144086],
      [152.60541748115156, 253.2431906925226],
      [150.1122591454905, 257.2400679049447],
      [151.39905054454175, 257.09861578423624],
      [150.67523038257605, 263.2850735504521],
      [144.60318346830536, 270.8091687310807],
      [146.29209717955928, 272.5391800452712],
      [146.65400726054213, 276.5628285672451],
      [144.9650935492882, 278.5387051067396]
    ],
    [
      [123.9340966210566, 282.418642069003],
      [124.6579167830223, 281.53698342759935],
      [123.97430885227641, 278.85621664630844],
      [121.44093828539644, 276.4922536031245],
      [123.53197430885302, 273.49231061489354],
      [121.88327282881892, 271.7271750153286],
      [123.65261100251428, 269.3613545271646],
      [124.6579167830223, 266.00577352870914],
      [122.00390952248017, 262.7549717700317],
      [121.72242390393876, 262.366210700829],
      [121.6017872102766, 262.4722381057327],
      [120.03351019268393, 264.27451370616154],
      [116.69589500139773, 264.2038430002149],
      [114.12231220329613, 265.2991768871884],
      [112.55403518570347, 263.81514424364104],
      [105.47668249092476, 264.06249993125357],
      [102.94331192404388, 261.83605501173815],
      [102.01843060597639, 259.5383540093735],
      [102.01843060597639, 255.64860356690633],
      [97.15275062831734, 253.91535602366048],
      [96.75062831611285, 252.8893993083534]
    ],
    [
      [96.75062831611285, 252.8893993083534],
      [96.75062831611285, 252.8893993083534]
    ],
    [
      [96.75062831611285, 252.8893993083534],
      [96.75062831611285, 252.8540194051825],
      [89.15051661547113, 252.92477907246712],
      [87.50181513543703, 251.33255197981907]
    ],
    [
      [87.50181513543703, 251.33255197981907],
      [87.98436191008204, 250.30630074376677],
      [85.77268919296421, 246.6603921456599],
      [82.2340128455744, 243.75676550955177],
      [84.16419994415082, 238.9034857853935],
      [92.44791957553753, 232.52291109927137],
      [93.65428651214734, 232.59383140425007],
      [94.53895559899502, 235.11113752668552],
      [99.48506003909552, 232.34560787264354],
      [100.77185143814677, 229.79205085865806],
      [104.5920134040789, 227.55708872305513],
      [107.2058084333994, 230.14675525254734],
      [109.69896676905955, 227.45064797832674],
      [108.93493437587313, 224.07936645675636],
      [114.20273666573667, 223.75991569306007],
      [116.37419715163469, 222.12698821683944],
      [121.48115051661625, 222.87249228823066],
      [123.57218654007283, 220.77782197634224]
    ],
    [
      [147.0561295727466, 280.90213633971825],
      [149.58950013962658, 281.2548346318281],
      [156.90812622172598, 275.6453112702661],
      [159.2806478637258, 275.5394379264635],
      [163.62356883552184, 271.868398503309],
      [163.66378106674165, 266.92426668222106],
      [170.74113376151945, 264.6278589515191],
      [172.63110862887606, 264.3805187294829]
    ],
    [
      [172.63110862887606, 264.3805187294829],
      [173.9179000279255, 266.288396735446],
      [172.67132086009588, 270.8091687310807],
      [174.8025691147741, 272.43327046778677],
      [175.24490365819656, 277.76251911194504],
      [176.41105836358656, 279.59703380468045],
      [184.65456576375345, 282.0307227828989],
      [184.33286791399132, 284.14644550791536],
      [188.55515219212612, 286.50842230698663],
      [188.55515219212612, 287.35435478179033],
      [186.02178162524524, 289.7155014462378],
      [176.45127059480728, 290.06785904555136]
    ],
    [
      [67.91845853113773, 264.8398594721011],
      [70.4518290980177, 262.6489476825823],
      [73.58838313320302, 264.6631927167259],
      [74.79475006981284, 264.34518385978436],
      [78.09215302988105, 259.6444146207414],
      [82.79698408265904, 257.7704935969605],
      [87.50181513543703, 251.33255197981907]
    ],
    [
      [131.37335939681816, 303.06037724370753],
      [129.1214744484787, 299.32999456809466],
      [121.44093828539644, 301.1249905970676],
      [119.22926556827679, 306.64856083748737],
      [107.24602066462012, 311.78215429504417],
      [105.91901703434814, 314.2424521700623],
      [107.76877967048313, 315.8237258235836],
      [112.3931862608215, 315.6129049876322],
      [112.99636972912685, 316.9831543890641],
      [112.1519128735008, 318.28294671286267],
      [107.92962859536419, 320.6361596416291],
      [103.98882993577354, 319.3366981915815],
      [99.36442334543426, 321.33849523560957],
      [96.54956716001197, 320.84686591810214],
      [95.22256352974091, 321.5140708044946],
      [94.41831890533467, 319.0557095420695],
      [92.97067858140235, 317.7911549050823],
      [92.97067858140235, 317.7208967958354]
    ],
    [
      [92.97067858140235, 317.7208967958354],
      [93.41301312482574, 317.8614124801056],
      [93.01089081262216, 315.8237258235836],
      [94.82044121753734, 314.69929238849636],
      [94.41831890533467, 313.8558773937784],
      [95.02150237363821, 313.1881191659854],
      [95.02150237363821, 313.1529726568624],
      [94.09662105557163, 312.4148650194961],
      [92.28707065065646, 310.903317339194],
      [92.76961742530148, 307.98497720381874],
      [93.89555989947075, 308.6531126108489],
      [95.62468584194357, 308.16080701335386],
      [92.64898073163931, 305.13606598792194],
      [92.367495113097, 303.4474056274794],
      [93.41301312482574, 303.06037724370753],
      [93.21195196872486, 301.0546052113318],
      [94.01619659313019, 301.0897979716783],
      [94.01619659313019, 299.2947950560301],
      [93.73471097458878, 298.0979312359141],
      [92.6087685004195, 297.8867037515538],
      [93.13152750628433, 297.1825769739412],
      [92.6087685004195, 295.2811643014061],
      [85.00865679977778, 295.1403032119624],
      [83.84250209438778, 293.2736890903848],
      [82.03295168947352, 292.4635304956305],
      [81.38955598994835, 290.9486935988525],
      [81.87210276459155, 288.90502738167606],
      [80.82658475286371, 286.6846647069101],
      [78.09215302988105, 285.803418655958],
      [79.09745881038907, 283.75859978463905],
      [78.13236526110086, 282.8770708349366],
      [78.37363864842246, 281.11375695478046],
      [77.20748394303337, 280.16142543803835],
      [73.70901982686428, 280.93740678387394],
      [72.50265289025447, 280.3025178767566],
      [72.46244065903556, 276.03350297384577],
      [71.01480033510234, 273.1746115488618],
      [71.416922647305, 271.5153356599294],
      [67.99888299357826, 267.94862987812803],
      [67.35548729405309, 267.5600919640201]
    ],
    [
      [92.97067858140235, 317.7208967958354],
      [89.59285115889543, 316.63182777109114],
      [88.82881876570809, 316.42102538514973],
      [84.24462440659136, 318.21269234268766],
      [78.73554872940622, 320.6010414622897],
      [77.69003071767747, 322.7078963507156],
      [77.20748394303337, 324.5685527802434],
      [77.44875733035497, 328.0431182920629],
      [81.79167830215101, 331.7619184525288]
    ],
    [
      [81.79167830215101, 331.7619184525288],
      [80.90700921530333, 333.5155529419767],
      [77.64981848645766, 335.16366790784787],
      [77.44875733035497, 335.23379398426596],
      [75.3979335381182, 335.759722716291],
      [74.87517453225428, 335.8999653596288],
      [66.35018151354507, 335.82984430206034],
      [64.7819044959515, 337.3022756247724],
      [63.73638648422366, 337.1620541001316],
      [62.731080703714724, 338.63427485690136],
      [59.91622451829153, 338.5641743809665],
      [60.27813459927438, 338.0384040024451],
      [55.693940240157644, 338.80952373998934],
      [55.734152471377456, 340.1062630885267],
      [53.7235409103605, 340.5267884762061],
      [52.195476123987646, 339.8959932834905],
      [47.731918458532164, 341.5079406600421],
      [41.78050823792364, 341.297702449845],
      [41.37838592571916, 341.2626622875787],
      [42.06199385646505, 335.7947835752011],
      [40.976263613516494, 333.90130814944496],
      [41.05668807595703, 331.83207018434314],
      [39.32756213348239, 330.77973859314943],
      [38.1614074280933, 328.1834774222925],
      [36.75397933538261, 328.1834774222925],
      [35.94973471097546, 327.1307321845966],
      [35.105277855348504, 322.98877410667956],
      [36.15079586707634, 321.0224508160468],
      [35.18570231778904, 319.0557095420695],
      [37.59843619100866, 316.80749275055587],
      [38.60374197151759, 313.96130848468374],
      [38.322256352974364, 312.20396626976526],
      [36.39206925439976, 310.4111320284387],
      [38.643954202736495, 309.5321642723288],
      [40.976263613516494, 310.20018741667445],
      [42.222842781347026, 309.63764483235536],
      [42.34347947500828, 308.6882762888695],
      [37.799497347110446, 305.38230303537966],
      [37.92013404077079, 303.86959981300424],
      [36.914828260262766, 301.96957312647874],
      [37.518011728568126, 299.32999456809466],
      [36.35185702317813, 296.3023423995601],
      [34.90421669924581, 295.3868086962666],
      [34.42166992460261, 291.82944326799407]
    ],
    [
      [177.8989109187387, 251.15562046490732],
      [176.65233175090816, 252.35868615833715],
      [175.3253281206371, 256.07302153173487],
      [172.06813739179142, 256.9217975127003],
      [172.14856185423105, 257.6644109543481],
      [175.36554035185782, 258.9726763636031],
      [174.159173415248, 263.4971055576257],
      [172.63110862887606, 264.3805187294829]
    ],
    [
      [318.76235688355246, 287.31910916099287],
      [317.99832449036694, 287.38960026647146],
      [317.7570511030435, 287.42484561503306],
      [314.3390114493168, 284.8163219790913],
      [314.45964814297804, 282.9475962897491],
      [314.45964814297804, 282.80654483412945],
      [312.65009773806287, 282.7360182873058],
      [312.4490365819611, 282.34811251866313],
      [311.8056408824359, 280.93740678387394],
      [312.971795587825, 279.20899424618665],
      [311.1220329516909, 277.86836655854813],
      [311.4839430326738, 276.4922536031245],
      [312.60988550684215, 276.03350297384577],
      [310.92097179558823, 275.43356334857253],
      [310.7601228707081, 273.13931096606257],
      [309.99609047752074, 272.2920557743987],
      [310.47863725216575, 272.11553431619905],
      [311.40351857023234, 271.7271750153286]
    ],
    [
      [290.93549287908445, 347.462723916492],
      [291.5386763473898, 349.5635069083796],
      [289.8899748673557, 353.3787240302622],
      [288.2010611561027, 353.65867880192945],
      [285.8285395141029, 357.36729118460926],
      [281.92795308573113, 358.5215602664232],
      [280.9226473052231, 359.60574451601315],
      [279.0728846690881, 359.3609396475306],
      [276.74057525830904, 361.24926932418384],
      [273.48338452946155, 360.86464032193885],
      [273.32253560457957, 359.15110182923945],
      [271.59340966210675, 358.59151141136635],
      [271.5129851996662, 356.7026476720248],
      [269.864283719633, 354.8134039197769],
      [270.3066182630555, 352.60880530750296],
      [272.2368053616319, 350.40368811249755],
      [272.1965931304112, 350.36868206727286],
      [269.70343479475105, 349.3534498269896],
      [268.8991901703448, 347.0775291980676],
      [269.3415247137682, 345.11629184857975],
      [267.692823233735, 344.31066441370285],
      [269.74364702597086, 342.1386268722508],
      [271.1912873499032, 342.27877357611715],
      [271.4727729684455, 340.45670222832587],
      [271.3119240435635, 338.80952373998934],
      [269.5827981010889, 337.2321651263196],
      [269.26110025132766, 335.8999653596288],
      [269.94470818207265, 335.23379398426596],
      [268.4970678581403, 333.69089820150884],
      [268.77855347668356, 329.55186771238505],
      [269.90449595085283, 330.07811796851183],
      [271.4727729684455, 328.88524123223897],
      [272.51829098017424, 330.46401587076525],
      [273.44317229824173, 329.90270453018775],
      [273.6040212231237, 329.72728777826705],
      [275.85590617146136, 326.92016879987386],
      [281.52583077352847, 323.3398593209131],
      [281.5660430047483, 323.726037684587],
      [281.72689192963026, 324.7089645143701],
      [282.0888020106131, 324.4281389182911]
    ],
    [
      [271.15107511868246, 236.38724726213786],
      [270.86958950014105, 236.7062462444469],
      [268.53728008936105, 235.64287205025767],
      [267.0092153029882, 232.9838830149879],
      [264.47584473610823, 232.38106879960333],
      [263.9932979614641, 231.2817145674867],
      [264.5964814297695, 230.2886330615729],
      [262.2239597877697, 227.3796867756173],
      [263.028204412175, 217.93680238297338],
      [260.4546216140743, 216.37385413875245],
      [260.3741971516338, 214.7040371264702],
      [262.0631108628886, 212.2520338587724],
      [262.5456576375318, 210.68808322005225],
      [261.86204970678773, 208.9460857620029],
      [262.505445406312, 207.523792759559],
      [260.5752583077365, 205.35435542458254],
      [257.19743088522773, 206.27909873242425],
      [253.5381178441785, 205.14093938084625],
      [252.33175090756777, 202.08140932238848],
      [251.28623289583993, 201.47649296769032],
      [247.14437308014567, 203.46900198259345],
      [241.1125383970966, 201.86791416717915],
      [239.30298799218235, 203.71803399394184],
      [236.6087685004195, 204.7140918287878],
      [237.97598436191038, 202.61512461827715],
      [236.68919296286094, 202.54396444331724],
      [235.72409941357273, 200.19535670644927],
      [235.6436749511313, 191.934674179166],
      [227.4001675509644, 185.19932573505594],
      [227.35995531974459, 183.73753578124342],
      [226.39486177045637, 182.91740052094246],
      [224.3440379782196, 183.09569732450836],
      [222.09215302988105, 181.52656090007167],
      [219.3979335381182, 181.41956408832493],
      [218.6741133761525, 180.63488084940263],
      [218.79475006981374, 179.3150276641377],
      [216.060318346832, 177.4954441520863],
      [213.84864562971234, 175.14012676328048],
      [213.2454621614079, 174.67612576283545],
      [209.86763473890096, 171.28460053182152]
    ],
    [
      [209.86763473890096, 171.28460053182152],
      [205.9670483105292, 166.92723307786036],
      [194.50656241273464, 162.31748017660175]
    ],
    [
      [194.50656241273464, 162.31748017660175],
      [196.71823512985247, 158.52779124118115],
      [202.10667411337636, 153.09063136942814],
      [207.17341524713902, 152.73280391185654],
      [208.3395699525281, 149.54748803177063],
      [212.68249092432416, 146.46842803594564],
      [217.3068975146616, 147.3278108850377],
      [222.0117285674405, 146.28937918781276],
      [223.45936889137192, 141.91943686634795],
      [226.5154984641158, 139.1960587756821],
      [227.1991063948626, 136.18500791278166],
      [230.77799497347223, 137.94158213323726],
      [235.16112817648718, 141.8119513986171],
      [239.14213906730038, 146.54004653666198],
      [239.54426137950395, 149.15371590398127],
      [239.62468584194357, 151.76659594069315],
      [245.0935492879098, 150.08442114851232],
      [248.55180117285636, 151.9813181378604],
      [252.1306897514669, 152.19603501177653],
      [256.1921251047197, 154.6648966755406],
      [253.5381178441785, 151.01502632007805],
      [254.34236246858563, 151.05081682893933],
      [257.43870427255024, 152.8043705856785],
      [261.74141301312557, 153.5557849732204],
      [263.4705389556002, 155.88117864141032],
      [272.96062552359854, 156.41771940486842],
      [272.8802010611571, 159.92230298435425],
      [274.2474169226489, 161.38808680714874]
    ],
    [
      [274.2474169226489, 161.38808680714874],
      [274.68975146607136, 163.13955304138835],
      [272.4780787489535, 165.46238249959652],
      [273.76487014800387, 168.4632751310196],
      [273.32253560457957, 169.64191449569398],
      [273.32253560457957, 169.67762835237363],
      [275.09187377827493, 170.1418951771975],
      [276.57972633342706, 169.07047288960757],
      [278.5099134320026, 171.60595944244596],
      [277.8665177324774, 173.0340780936881],
      [278.5501256632242, 174.39057443407182],
      [277.74588103881706, 175.10443525361825],
      [278.22842781346026, 178.67286493831307],
      [280.60094945546007, 180.24251285426317],
      [280.9628595364429, 183.16701503010427],
      [282.20943870427345, 184.1654019739749],
      [281.8475286232897, 185.3062764075412],
      [283.2951689472229, 187.26680767381822],
      [280.440100530579, 190.224598774877],
      [281.8475286232897, 197.41892276225963],
      [282.611561016477, 201.47649296769032],
      [284.0592013404075, 201.72558119434598],
      [284.58196034627235, 203.00649532777697],
      [283.57665456576433, 204.8563766374209],
      [283.4962301033238, 204.9630887401886],
      [283.4560178721031, 205.06979955415818],
      [283.4962301033238, 205.06979955415818]
    ],
    [
      [283.4962301033238, 205.06979955415818],
      [283.4560178721031, 206.49248729607825],
      [279.3141580564088, 209.5149389538915],
      [279.39458251885026, 212.53635885915855],
      [277.94694219491885, 213.74463835632332],
      [279.35437028763045, 215.37910738312758],
      [279.273945825189, 218.8247186052963],
      [281.5660430047483, 219.46396333107123],
      [282.5713487852563, 223.19197490971646],
      [282.611561016477, 223.29846656770042]
    ],
    [
      [224.54509913432048, 260.1746989848666],
      [227.23931862608242, 260.49285465211096],
      [228.28483663781117, 261.871399692257],
      [233.5526389276747, 263.9564911795037],
      [234.0351857023179, 266.50035834822984],
      [235.683887182352, 268.3018316979874],
      [240.30829377269038, 267.24218490514295],
      [247.02373638648533, 264.13317174192025],
      [247.3856464674691, 262.5075802975598],
      [249.1147724099419, 261.3058682075671],
      [247.7073443172303, 261.0937847713917],
      [247.7073443172303, 261.0584370478132],
      [247.6671320860105, 261.0584370478132],
      [247.4258586986889, 259.36158355400903],
      [248.79307456017978, 258.6191098263539],
      [251.2058084334003, 250.97868546990549],
      [248.6322256352978, 249.59847302958087],
      [248.592013404078, 249.59847302958087],
      [245.576096062553, 249.35072016348659]
    ],
    [
      [245.576096062553, 249.35072016348659],
      [245.576096062553, 249.35072016348659]
    ],
    [
      [245.576096062553, 249.35072016348659],
      [246.58140184306103, 248.11185338362384]
    ],
    [
      [246.58140184306103, 248.11185338362384],
      [246.58140184306103, 248.07645468016608],
      [248.99413571628156, 245.13787581796305],
      [249.07456017872119, 245.03164411067792]
    ],
    [
      [249.07456017872119, 245.03164411067792],
      [259.32867913990594, 247.43925416593447]
    ],
    [
      [264.4356325048884, 264.73385983299613],
      [251.56771851438316, 269.25540782029657],
      [243.48506003909642, 272.08022961233473],
      [242.64060318346947, 274.33945376130896],
      [239.1823512985211, 274.76299569169987],
      [236.28707065065737, 277.6566704329539],
      [234.11561016475935, 276.9509810726099],
      [232.94945545937026, 277.97421277284],
      [231.38117844177668, 277.2685480648902],
      [230.9790561295731, 278.85621664630844],
      [229.5314158056426, 278.92677326090325],
      [227.35995531974459, 280.69051080469126],
      [223.98212789723675, 281.1490265790053],
      [223.01703434794854, 282.3833773621027],
      [220.84557386205051, 282.59496355551255],
      [217.46774643954268, 284.9925970801178],
      [215.89946942195002, 284.67529944428],
      [214.73331471656002, 286.40267523277],
      [212.5216419994431, 282.66549119444153],
      [212.5216419994431, 282.66549119444153],
      [212.5216419994431, 282.66549119444153],
      [207.57553755934168, 284.8163219790913],
      [207.45490086568043, 284.78106654989597],
      [202.6696453504619, 282.52443537049703],
      [201.14158056408905, 283.5470406146055],
      [199.45266685283514, 281.50171530629905],
      [199.69394024015673, 281.21956541752616],
      [200.37754817090172, 280.4083357702598],
      [200.3373359396819, 280.33779064463624],
      [200.21669924602247, 280.12615198654385],
      [199.97542585869905, 279.7028599027076],
      [199.6135157777171, 279.77340995088207],
      [198.84948338453069, 279.8792339974393],
      [198.2060876850055, 279.9850568132247],
      [197.2007819044975, 281.18429606658765],
      [196.35632504886962, 282.13652059050673]
    ],
    [
      [196.35632504886962, 282.13652059050673],
      [196.15526389276783, 281.9601902283148],
      [198.72884669086852, 278.6092641846308],
      [206.77129293493545, 272.4685737976638],
      [206.77129293493545, 272.11553431619905],
      [206.48980731639313, 271.90370403171164],
      [205.44428930466438, 272.32735965383563],
      [205.44428930466438, 272.2920557743987],
      [203.835800055851, 271.05633341227804],
      [203.75537559341137, 270.98571561949484],
      [204.0770734431726, 268.65501974410427],
      [204.15749790561404, 268.3018316979874]
    ],
    [
      [274.2474169226489, 161.38808680714874],
      [274.0865679977669, 160.85185311584064],
      [275.5342083216983, 160.4585940436982],
      [283.8983524155283, 162.74639745449986],
      [287.9195755375604, 162.60342737939845],
      [290.25188494833947, 159.3144664216452],
      [291.0159173415259, 153.87779976573802],
      [294.71544261379495, 154.87954706682694],
      [294.0720469142707, 147.65005743112442],
      [297.6107232616596, 147.3278108850377],
      [298.5758168109478, 143.60320111699411],
      [301.4710974588115, 144.6419556898295],
      [306.1759285115895, 140.37868384869898],
      [308.0256911477254, 140.19950865760438],
      [311.7654286512161, 135.64720947471687],
      [313.132644512707, 137.33219900409722],
      [316.9528064786382, 135.4320806925639],
      [319.3655403518569, 132.67078384619026],
      [324.9952527227042, 133.42395270298266],
      [332.2334543423631, 127.00196736295266],
      [334.56576375314216, 126.7507306758157],
      [341.0399329796155, 135.00180699828297],
      [341.80396537280285, 136.68692281803578],
      [341.60290421670015, 139.6619607449129],
      [346.02624965093673, 145.96708191327843],
      [349.64535046076617, 145.9312703630212],
      [351.0929907846985, 143.96140646345657],
      [353.5057246579181, 143.24498090905627],
      [354.83272828818826, 141.7044645919127],
      [355.71739737503594, 141.88360852587493],
      [357.0041887740854, 144.17632253915735],
      [353.58614912035864, 151.40871378076963],
      [347.23261658754654, 152.3033914527291],
      [344.0960625523603, 154.16402509323325],
      [341.7235409103614, 157.8483325821885],
      [336.4959508517186, 159.27871000492405],
      [339.1499581122598, 161.35233892374026],
      [341.6431164479209, 166.82005724473674],
      [341.32141859815783, 168.49899381732894],
      [339.47165596202285, 169.5704863434239],
      [338.74783580005624, 171.10606268836045],
      [340.27590058643, 173.78374685843073],
      [346.30773526947814, 170.67755695372034],
      [349.64535046076617, 165.9626030899435],
      [353.58614912035864, 163.13955304138835],
      [360.1407428092725, 162.71065515609962],
      [366.6953364981855, 159.17143987143436],
      [363.1968723820164, 166.39134072177012],
      [363.9206925439821, 168.82045540634635],
      [366.2127897235423, 168.32039892169723],
      [367.6604300474737, 172.56996516518393],
      [367.5800055850341, 175.67548191204696],
      [372.7673834124562, 182.9530601719066],
      [373.2901424183192, 185.7340660554296],
      [371.11868193242117, 189.36943625557205],
      [362.79475006981374, 192.1840323820843],
      [364.3228148561866, 196.3864357415532],
      [359.45713487852663, 200.65801070826365],
      [357.4867355487313, 200.05299674633306],
      [357.88885786093397, 202.61512461827715],
      [354.06869589500184, 202.89975958217246],
      [351.93744764032544, 205.10536953909468],
      [352.017872102766, 206.67030716476575]
    ],
    [
      [352.017872102766, 206.67030716476575],
      [348.35855906171673, 206.9903739164538],
      [346.9109187377835, 204.42951533668383],
      [344.5383970957846, 204.9630887401886],
      [341.0399329796155, 206.35022882594922],
      [340.67802289863266, 207.8438286232804],
      [335.65149399609163, 208.51942186953465],
      [329.09690030717775, 206.95481151617741],
      [327.8101089081274, 208.51942186953465],
      [324.2312203295178, 209.08830248794357],
      [323.90952247975474, 213.35374242524676],
      [325.07567718514474, 214.84616145033988],
      [324.0703714046367, 215.76991405203717],
      [321.29572745043333, 216.0186002424116],
      [316.9930187098589, 218.78920366064722],
      [316.59089639765625, 221.09737985083984],
      [319.44596481429835, 223.83090574253947],
      [315.7464395420275, 226.45713971567693],
      [313.0120078190448, 223.0144859807383],
      [310.67969840826754, 222.87249228823066],
      [304.84892488131936, 220.24519998939832],
      [304.16531695057347, 219.10883305098196],
      [296.60541748115156, 218.3985298970465],
      [297.1281764870155, 210.68808322005225],
      [295.60011170064354, 208.83942171760418],
      [293.2275900586437, 209.23051692844],
      [292.30270874057624, 207.3815508806474],
      [283.4962301033238, 205.06979955415818]
    ],
    [
      [325.75928511589063, 252.7124984018942],
      [325.9603462719924, 252.5002127247967],
      [316.83216978497694, 251.93409310453444],
      [314.78134599274017, 251.79255763447736],
      [314.74113376151945, 251.79255763447736],
      [299.058363585591, 253.13705473716982],
      [299.058363585591, 253.1724335279855],
      [297.53029879921814, 254.65821723486033],
      [296.4043563250498, 254.58747118768588],
      [296.36414409382814, 254.72896272641947],
      [295.88159731918495, 256.1083887933123],
      [292.62440659033837, 259.1140990993799]
    ],
    [
      [352.017872102766, 206.67030716476575],
      [352.0580843339858, 205.56776631435287],
      [354.9533649818495, 207.594912841143],
      [355.3956995252729, 209.08830248794357],
      [347.3532532812069, 215.23699159859007],
      [350.3691706227328, 215.98307407052243],
      [351.1332030159183, 217.33296863549867]
    ],
    [
      [249.07456017872119, 245.03164411067792],
      [247.02373638648533, 242.97758382272013],
      [249.07456017872119, 241.3127415016579],
      [250.60262496509495, 238.62000131683408],
      [247.62691985478978, 236.1391290761335],
      [248.06925439821316, 233.01934140765934],
      [246.62161407428175, 230.9270552869075],
      [242.35911756492624, 231.06892069031255],
      [239.6648980731652, 233.87030060944926],
      [237.7749232058095, 233.7993904384225],
      [234.2764590896404, 230.85612173954542],
      [231.6224518290992, 231.31717972046226],
      [229.37056688076063, 232.09737744071845],
      [227.96313878804904, 235.53652767556196],
      [225.9927394582528, 236.88346298551596],
      [226.11337615191314, 234.08302774603908],
      [225.2689192962871, 232.48745073557484],
      [226.11337615191314, 230.11128544776602],
      [225.91231499581227, 227.87640333078025],
      [223.45936889137192, 225.78291029397678],
      [222.09215302988105, 222.09148646441008],
      [219.6392069254407, 221.66545438099683],
      [217.5079586707634, 218.9667769639891],
      [216.74392627757697, 218.00783894774395],
      [216.86456297123914, 217.26192667104397],
      [216.46244065903466, 216.30280449723432]
    ],
    [
      [216.46244065903466, 216.30280449723432],
      [217.06562412734002, 215.30804977545722],
      [217.58838313320302, 210.86581879195728],
      [220.84557386205051, 210.19040463826514],
      [220.72493716838926, 209.15940999385975],
      [221.85087964255854, 208.0216213219992],
      [220.3630270874064, 204.7496632457719],
      [220.20217816252443, 200.1241770136353],
      [216.14074280927252, 199.16319492231423],
      [214.41161686679789, 199.91063448815703],
      [213.88885786093397, 197.88172249349145],
      [215.1756492599843, 197.0273040005618],
      [216.42222842781393, 191.54281128457387],
      [212.68249092432416, 186.19748129723166],
      [213.32588662384933, 184.30801939726553],
      [212.8433398492043, 181.56222621347433],
      [211.91845853113773, 181.31256596921276],
      [209.78721027646043, 177.85225506953475],
      [209.2644512705956, 176.46061013855433],
      [208.58084333985062, 174.67612576283545],
      [209.86763473890096, 171.28460053182152]
    ],
    [
      [177.9391231499585, 189.7613960773283],
      [178.54230661826386, 186.55393790287053],
      [180.9550404914835, 184.52194118199668],
      [179.7888857860944, 182.59645713099872],
      [180.87461602904295, 180.7775557601808],
      [180.5127059480592, 178.95827641333972],
      [183.0862887461608, 177.95929550587334],
      [185.78050823792273, 174.3548798615402],
      [192.2948896956168, 169.42762828316063],
      [194.50656241273464, 162.31748017660175]
    ],
    [
      [216.46244065903466, 216.30280449723432],
      [213.56716001117093, 215.66333212234213],
      [212.72270315554397, 218.18542787360275],
      [210.30996928232526, 221.09737985083984]
    ],
    [
      [210.30996928232526, 221.09737985083984],
      [210.30996928232526, 221.09737985083984]
    ],
    [
      [136.39988829935828, 335.97008588902054],
      [136.4401005305781, 335.97008588902054],
      [134.46970120078277, 336.0051459556553],
      [128.1965931304121, 336.21550358282775],
      [114.96676905892218, 338.5641743809665],
      [113.5593409662115, 339.51048632538914],
      [111.58894163641526, 338.87962237058855],
      [111.58894163641526, 338.87962237058855],
      [111.58894163641526, 338.87962237058855],
      [108.6534487573308, 339.58057968517323],
      [100.97291259424765, 335.4792310907387],
      [101.05333705668909, 333.90130814944496],
      [98.72102764591, 332.4283385272588],
      [93.13152750628433, 331.1305290333926],
      [91.00027925160612, 330.6043384055574],
      [90.7187936330638, 330.53417740314353],
      [86.65735827981098, 330.9200563587319],
      [83.23931862608242, 329.90270453018775],
      [82.91762077632029, 329.79745487669106],
      [82.07316392069333, 331.37607446111724],
      [81.79167830215101, 331.7619184525288]
    ],
    [
      [246.58140184306103, 248.11185338362384],
      [241.1125383970966, 250.58941622910697],
      [238.9812901424184, 250.48324896657869],
      [238.9812901424184, 250.44785960055196]
    ],
    [
      [238.9812901424184, 250.44785960055196],
      [238.9812901424184, 250.44785960055196]
    ],
    [
      [238.9812901424184, 250.44785960055196],
      [236.16643395699612, 248.46583274814475],
      [236.1262217257763, 248.4304354391993],
      [232.26584752862436, 247.79326003139158]
    ],
    [
      [232.26584752862436, 247.79326003139158],
      [232.26584752862436, 247.79326003139158]
    ],
    [
      [232.26584752862436, 247.79326003139158],
      [230.0139625802858, 245.9522771368047],
      [227.92292655682832, 245.7752396573892],
      [227.8827143256076, 245.7752396573892]
    ],
    [
      [227.8827143256076, 245.7752396573892],
      [227.8827143256076, 245.7752396573892]
    ],
    [
      [227.8827143256076, 245.7752396573892],
      [225.18849483384656, 244.2171592362638],
      [222.53448757330443, 245.2795161382719],
      [218.0307176766264, 244.74835340958862],
      [217.82965652052553, 245.03164411067792],
      [216.46244065903466, 247.43925416593447],
      [216.42222842781393, 247.58085818621976]
    ],
    [
      [196.35632504886962, 282.13652059050673],
      [196.19547612398765, 282.34811251866313],
      [197.40184306059928, 282.8770708349366],
      [197.2812063669371, 284.85157727195156],
      [199.77436470259727, 286.40267523277],
      [199.73415247137655, 288.09448137971594],
      [200.2971237084621, 289.32789238824125],
      [198.80927115330996, 289.8916819446963],
      [198.48757330354783, 289.9269176366629],
      [197.80396537280194, 290.24403274917813],
      [196.91929628595426, 290.59636996623703]
    ]
  ],
  "bbox": [0, 126.7507306758157, 432.0000000000009, 361.24926932418384]
}
