{
  "type": "Topology",
  "objects": {
    "districts": {
      "type": "GeometryCollection",
      "geometries": [
        {
          "type": "Polygon",
          "arcs": [[0, 1, 2, 3, 4]],
          "properties": {
            "dt_code": "770",
            "district": "Kamjong",
            "st_nm": "Manipur",
            "st_code": "14",
            "year": "2016_c"
          }
        },
        {
          "type": "Polygon",
          "arcs": [[5, 6, 7, 8]],
          "properties": {
            "dt_code": "272",
            "district": "Senapati",
            "st_nm": "Manipur",
            "st_code": "14",
            "year": "2011_c"
          }
        },
        {
          "type": "Polygon",
          "arcs": [[9, 10, 11, 12, 13, -7, 14]],
          "properties": {
            "dt_code": "273",
            "district": "Tamenglong",
            "st_nm": "Manipur",
            "st_code": "14",
            "year": "2011_c"
          }
        },
        {
          "type": "Polygon",
          "arcs": [[15, 16, 17, 18, 19, 20]],
          "properties": {
            "dt_code": "277",
            "district": "Imphal West",
            "st_nm": "Manipur",
            "st_code": "14",
            "year": "2011_c"
          }
        },
        {
          "type": "Polygon",
          "arcs": [[18, -18, 21, 22, 23, 24, 25, 26, 27, 28, 29, 30, 31]],
          "properties": {
            "dt_code": "768",
            "district": "Kakching",
            "st_nm": "Manipur",
            "st_code": "14",
            "year": "2016_c"
          }
        },
        {
          "type": "MultiPolygon",
          "arcs": [[[-20, -32, 32, 33, 34]], [[-30, 35]]],
          "properties": {
            "dt_code": "275",
            "district": "Bishnupur",
            "st_nm": "Manipur",
            "st_code": "14",
            "year": "2011_c"
          }
        },
        {
          "type": "Polygon",
          "arcs": [[-28, 26, -26, 36, 37, 38]],
          "properties": {
            "dt_code": "280",
            "district": "Chandel",
            "st_nm": "Manipur",
            "st_code": "14",
            "year": "2011_c"
          }
        },
        {
          "type": "Polygon",
          "arcs": [[-39, 39, 40, 41, -33, -31, -36, -29]],
          "properties": {
            "dt_code": "274",
            "district": "Churachandpur",
            "st_nm": "Manipur",
            "st_code": "14",
            "year": "2011_c"
          }
        },
        {
          "type": "Polygon",
          "arcs": [[-16, 42, 43, 44, 45]],
          "properties": {
            "dt_code": "278",
            "district": "Imphal East",
            "st_nm": "Manipur",
            "st_code": "14",
            "year": "2011_c"
          }
        },
        {
          "type": "Polygon",
          "arcs": [[-13, 11, 46, 47, 48]],
          "properties": {
            "dt_code": "766",
            "district": "Jiribam",
            "st_nm": "Manipur",
            "st_code": "14",
            "year": "2016_c"
          }
        },
        {
          "type": "Polygon",
          "arcs": [
            [-1, 49, 50, -45, 43, -43, -21, -35, 51, 52, -15, -6, 53, 54, 55]
          ],
          "properties": {
            "dt_code": "767",
            "district": "Kangpokpi",
            "st_nm": "Manipur",
            "st_code": "14",
            "year": "2016_c"
          }
        },
        {
          "type": "Polygon",
          "arcs": [[-17, -46, -51, 56, -24, 22, -22]],
          "properties": {
            "dt_code": "276",
            "district": "Thoubal",
            "st_nm": "Manipur",
            "st_code": "14",
            "year": "2011_c"
          }
        },
        {
          "type": "Polygon",
          "arcs": [[-5, 3, 57, -37, -25, -57, -50]],
          "properties": {
            "dt_code": "769",
            "district": "Tengnoupal",
            "st_nm": "Manipur",
            "st_code": "14",
            "year": "2016_c"
          }
        },
        {
          "type": "Polygon",
          "arcs": [[-2, -56, 54, -54, -9, 58]],
          "properties": {
            "dt_code": "279",
            "district": "Ukhrul",
            "st_nm": "Manipur",
            "st_code": "14",
            "year": "2011_c"
          }
        },
        {
          "type": "Polygon",
          "arcs": [[-11, 9, -53, 51, -34, -42, 59, 60, 61, -47]],
          "properties": {
            "dt_code": "771",
            "district": "Noney",
            "st_nm": "Manipur",
            "st_code": "14",
            "year": "2016_c"
          }
        },
        {
          "type": "Polygon",
          "arcs": [[-41, 62, -48, -62, 60, -60]],
          "properties": {
            "dt_code": "772",
            "district": "Pherzawl",
            "st_nm": "Manipur",
            "st_code": "14",
            "year": "2016_c"
          }
        }
      ]
    }
  },
  "arcs": [
    [
      [290.8033177077814, 279.06393143411606],
      [297.47415465767335, 280.862627612265],
      [296.7246224161099, 273.0675643248733],
      [293.276774104932, 268.69809109412836],
      [294.47602569143055, 257.1290205306077],
      [290.8033177077814, 252.41452110373848],
      [292.4522886392151, 243.58371740842813],
      [288.03004841400616, 236.38012607995552],
      [281.43416468826763, 234.3216645580951],
      [284.7321065511351, 227.2018148985253],
      [282.93322917139085, 216.5620266236201],
      [286.9807032758181, 212.9574373045798],
      [289.52911289712574, 201.62612074177468]
    ],
    [
      [289.52911289712574, 201.62612074177468],
      [295.525370829615, 197.4187905802455],
      [302.6459271244421, 197.7622665847348],
      [317.4866655073529, 192.69562606514137],
      [329.02946202738894, 186.08203761943878],
      [344.0201068586066, 186.08203761943878],
      [357.9614065516398, 177.83462984843936],
      [376.17504002156784, 173.5382709815558],
      [395.43801862968394, 155.48731299099654],
      [405.63165711491456, 152.0478884453296]
    ],
    [
      [405.63165711491456, 152.0478884453296],
      [425.3443550679658, 152.64981427026032],
      [427.1432324477137, 172.67893059885682],
      [423.09575834328643, 182.38814642890156],
      [415.7503423759845, 190.80616730044585],
      [419.94772292872585, 199.5654558633596],
      [417.09950041079355, 200.939247008022],
      [413.6516520996156, 211.49832308437453],
      [406.38118935647435, 216.21874964026756],
      [400.3099781998317, 224.7995864191671],
      [397.01203633696423, 240.0678777034309],
      [399.5604459582719, 246.58474406717323],
      [391.31559130109963, 258.8432152729674],
      [387.71783654160754, 259.0146298013324],
      [387.0432575242012, 254.64327837712244],
      [385.8440059377099, 259.7002789238768],
      [379.77279478106357, 258.5003835187499],
      [377.2243851597559, 276.2372094000566],
      [368.15504503687043, 289.94025524976587],
      [358.11131299995395, 296.4471980086473],
      [351.2905696017442, 318.526956161385],
      [339.0731940643054, 315.1902681737638]
    ],
    [
      [339.0731940643054, 315.1902681737638],
      [339.0731940643054, 315.1902681737638]
    ],
    [
      [339.0731940643054, 315.1902681737638],
      [339.5229134092406, 310.3985353621829],
      [335.9251586497485, 308.77261043946055],
      [335.8502054255914, 308.77261043946055],
      [338.623474719363, 301.15536609425],
      [328.65469590661087, 300.81297660703603],
      [329.17936847569945, 296.6184159386885],
      [323.78273633646313, 295.0774224460538],
      [316.9619929382534, 287.2857372130238],
      [312.8395656096691, 288.6558378480386],
      [312.6896591613586, 288.4845783967594],
      [308.8670447293989, 282.9181595528371],
      [300.2474239514486, 283.34637915542135],
      [290.8033177077814, 279.06393143411606]
    ],
    [
      [300.7720965205408, 136.3078291978436],
      [295.82518372623963, 133.29655678457402],
      [267.11809887445634, 137.59828807331996],
      [249.12932507699588, 131.83383682623844],
      [253.85137819882948, 115.7395125246303],
      [242.75830102372493, 105.40734211687231],
      [247.78016704218317, 90.93669084508929],
      [246.80577512815216, 83.6989043362928],
      [240.28484462657434, 79.30373213432267],
      [230.99064483121765, 78.26948585080027]
    ],
    [
      [230.99064483121765, 78.26948585080027],
      [230.61587871043594, 77.92472962696775],
      [230.09120614134372, 76.3732804354222],
      [224.0949482088581, 71.02882113447959],
      [210.00374206751076, 69.82188352449066],
      [206.93065987711452, 61.02709815207709]
    ],
    [
      [206.93065987711452, 61.02709815207709],
      [203.25795189346536, 60.25097084195113],
      [204.45720347996394, 54.90380069474941],
      [202.28355997943436, 51.62605771365361],
      [198.91066489241348, 49.728262300308415],
      [194.03870532226574, 52.316136997234025],
      [192.1648747183608, 49.55572981561363],
      [193.7388924256411, 40.41016461424351],
      [205.95626796308352, 40.0649972752999],
      [210.30355496413904, 34.628115500915555],
      [216.67457901740636, 36.526815195731615],
      [223.19550951898418, 33.41979277081191],
      [240.28484462657434, 37.2172232232233],
      [245.68147676581066, 32.55667686657034],
      [251.5278282499894, 32.90192605258562],
      [250.25362343933375, 27.809118544295416],
      [252.8020330606414, 26.16888734726126],
      [258.79829099313065, 32.21142391449848],
      [261.19679416612416, 30.657739018201937],
      [265.7689408396436, 36.872021090873204],
      [269.8913681682279, 36.181605537542055],
      [272.214918117068, 40.7553281930841],
      [269.8913681682279, 42.653660676408435],
      [275.5128599799391, 44.89699794571243],
      [283.2330420680155, 45.50094624261055],
      [286.9807032758181, 37.130923042884206],
      [289.0044403280335, 39.719826175979506],
      [292.2274289667439, 37.2172232232233],
      [295.525370829615, 37.735019367097266],
      [294.251166018963, 44.29303814387822],
      [301.89639488288594, 52.83368661317127],
      [317.5616187315063, 48.5205152020817],
      [326.4060991819242, 49.81452819080005],
      [341.62160368560944, 42.13594491256572],
      [349.1169261012219, 40.92790857253931],
      [351.06570992927664, 27.722792707236295],
      [364.1825241565966, 20.21154252782435],
      [366.2812144329655, 22.974508719676123]
    ],
    [
      [366.2812144329655, 22.974508719676123],
      [361.1843951903502, 28.931332987656788],
      [359.46047103476303, 37.562421593049294],
      [348.3673938596585, 57.06002600863667],
      [350.2412244635634, 59.56106398301472],
      [347.7677680664128, 60.509682051800155],
      [343.5703875136678, 70.85640427889666],
      [341.0969311165172, 70.94261282346906],
      [342.6709488237975, 71.71847921474455],
      [340.19749242664693, 74.99415102827516],
      [339.74777308170815, 88.35195564081278],
      [329.70404104479167, 100.75677618964073],
      [327.2305846476411, 108.85176968086489],
      [318.6859170938478, 118.7524340908758],
      [309.9913430917404, 122.19542606145205],
      [308.41732538446377, 128.82214459875377],
      [302.4960206761316, 131.40361238609603],
      [300.7720965205408, 136.3078291978436]
    ],
    [
      [191.86506182173616, 237.06625101179998],
      [191.86506182173616, 237.06625101179998]
    ],
    [
      [191.86506182173616, 237.06625101179998],
      [191.64020214927223, 237.06625101179998],
      [166.08115271204588, 234.92206260867079],
      [162.63330440086065, 234.6647505138808],
      [158.06115772733756, 231.66262581751926],
      [148.76695793198814, 225.6575455301745],
      [145.01929672417828, 232.0915177237157],
      [140.8968693955976, 232.60618055229224],
      [129.95369866880355, 228.91758377663336],
      [108.44212333600444, 228.48865003989977],
      [106.41838628379264, 233.2923850010029],
      [99.97240900636825, 232.60618055229224],
      [97.87371872999938, 245.89881946118203],
      [92.40213336660236, 247.95655001287196],
      [90.00363019360884, 254.3861218395814],
      [92.17727369413842, 257.986129143198],
      [83.7075593644986, 263.81387166757577],
      [79.1354126909755, 270.2403247166303],
      [77.86120788031985, 272.0395054426235],
      [71.5651370512096, 272.0395054426235],
      [62.87056304910584, 261.41433880497607]
    ],
    [
      [62.87056304910584, 261.41433880497607],
      [62.87056304910584, 261.41433880497607]
    ],
    [
      [62.87056304910584, 261.41433880497607],
      [61.29654534182555, 260.90013027821897],
      [59.12290184129961, 260.2145063262251],
      [59.19785506545668, 260.12880232099906],
      [64.29467430806835, 255.5004522123172],
      [66.6931774810655, 247.4421295428756],
      [53.72626970205965, 236.9804861856519],
      [53.201597132967436, 236.55165866781135],
      [53.42645680543501, 236.38012607995552]
    ],
    [
      [53.42645680543501, 236.38012607995552],
      [58.223463151425676, 232.0057397945502],
      [57.77374380649053, 220.85268288789757],
      [60.0223405311699, 221.62494085226172],
      [65.26906622209572, 215.78964830886343],
      [64.14476785976149, 213.55822998027998],
      [66.76813070522257, 212.699951325626],
      [65.19411299794228, 210.81165840123413],
      [68.7169145332773, 207.80732955641088],
      [67.36775649847186, 205.74705753309627],
      [70.66569836133931, 204.80272244661137],
      [67.74252261924994, 198.96440392169916],
      [71.19037093042789, 198.01987119804926],
      [69.76625967146538, 195.35785805791056],
      [74.03859344836019, 192.60974396867277],
      [70.74065158549274, 188.4012420319914],
      [73.21410798264696, 181.95859680291596],
      [69.61635322315124, 182.90359844495742],
      [69.3914935506873, 177.57686443424063],
      [71.86494994783425, 177.06132743455873],
      [74.2634531208314, 169.41322845278773],
      [82.80812067462466, 170.35859727295883],
      [86.40587543411675, 160.1299534649943],
      [90.52830276270106, 157.80871687555282],
      [93.676338177258, 149.98405728249418],
      [93.75129140141144, 137.6843168214209],
      [102.3709121793654, 123.74465177069669],
      [102.2210057310549, 119.35498439528965],
      [113.23912968199875, 107.81848036245447],
      [123.35781494306866, 102.3070400204897],
      [119.535200511109, 96.88078747367399],
      [123.88248751216452, 102.56541001424011],
      [123.88248751216452, 111.00434857083837],
      [132.05238894517606, 111.52094595593553],
      [130.85313735868112, 118.5802747792668],
      [143.82004513768334, 117.71946434121219],
      [150.56583531173237, 124.08891398215292],
      [151.54022722575974, 129.51055631836334],
      [155.66265455434768, 130.0268554139202],
      [170.42843971309776, 100.58452001010482],
      [169.82881391984847, 96.62237150136389],
      [173.80133480012228, 95.84711103683821],
      [175.07553961077429, 87.57649423795283],
      [180.39721852585353, 88.35195564081278],
      [188.26730706224407, 76.02850368368854],
      [195.91253592616704, 71.89089139944826],
      [203.33290511762243, 60.42344521590894],
      [206.93065987711452, 61.02709815207709]
    ],
    [
      [230.99064483121765, 78.26948585080027],
      [230.84073838291079, 78.52805056986108],
      [231.2904577278423, 79.90702696010885],
      [229.11681422731272, 81.113582341256],
      [226.7183110543192, 84.73297442148487],
      [222.9706498465166, 94.12424260681655],
      [230.46597226212543, 96.10553328305195],
      [238.8607333676082, 106.6990459285189],
      [239.16054626423283, 107.04349146625282],
      [238.7108269192977, 107.30182318495736],
      [236.0874640738366, 108.85176968086489],
      [232.1149431935628, 111.17654862587642],
      [226.5684046060087, 110.74604675068531],
      [214.8757016376585, 122.19542606145205],
      [208.2798179119236, 123.9167833385709],
      [200.25982292722256, 138.37253851115202],
      [195.53776980538896, 141.8994432836771],
      [201.30916806540336, 155.8312352370258],
      [201.23421484124992, 160.73172824464928],
      [205.35664216983787, 174.65537928136018],
      [206.10617441139402, 176.28800650514313],
      [205.88131473892645, 176.3739319672968],
      [199.81010358228377, 178.09239320567212],
      [201.9837470828097, 193.64031408856408],
      [192.23982794251788, 206.7772099033673],
      [195.38786335707482, 221.9681607246821],
      [195.38786335707482, 222.0539651265408],
      [195.16300368460725, 222.39718046905818],
      [188.6420731830258, 232.8635089154768],
      [188.6420731830258, 233.0350600276288],
      [190.21609089030608, 235.0078328551408],
      [191.86506182173616, 237.06625101179998]
    ],
    [
      [229.56653357225514, 205.91875186712969],
      [225.14429334704255, 206.69136512221667],
      [227.24298362341506, 213.55822998027998],
      [230.46597226212543, 213.98736079906848],
      [225.6689659161384, 219.56554550038072],
      [231.44036417615644, 219.65135624565937],
      [230.46597226212543, 221.45332955698632],
      [236.91194953954619, 226.85865026372176],
      [233.76391412499652, 232.69195689934986],
      [233.91382057330702, 232.77773302040805],
      [236.5371834187681, 235.0078328551408],
      [233.83886734914995, 247.8708138311231],
      [233.76391412499652, 247.95655001287196],
      [234.06372702161752, 249.0710998753948],
      [235.71269795305125, 256.0147457159028],
      [235.63774472889418, 256.10046051259087]
    ],
    [
      [235.63774472889418, 256.10046051259087],
      [226.94317072679405, 261.41433880497607],
      [227.01812395094748, 267.8412632320287],
      [233.6889609008358, 270.49735658884765],
      [234.21363346992803, 274.6095921349579],
      [234.21363346992803, 274.6952582178428],
      [232.1149431935628, 273.58158166248995],
      [223.19550951898418, 283.34637915542135],
      [228.6670948823812, 284.3740833895654],
      [228.59214165822414, 284.63100441662027],
      [227.01812395094748, 289.7690025000793],
      [228.6670948823812, 294.3925132466211],
      [226.04373203691648, 299.5289842715256],
      [228.89195455484878, 299.2721797862496]
    ],
    [
      [228.89195455484878, 299.2721797862496],
      [219.222988638714, 300.29938569057776],
      [218.47345639715058, 306.8042780699443]
    ],
    [
      [218.47345639715058, 306.8042780699443],
      [218.47345639715058, 306.8042780699443]
    ],
    [
      [218.47345639715058, 306.8042780699443],
      [215.8500935516895, 305.9484446653041],
      [215.4003742067507, 301.84013437279737],
      [221.32167891508288, 298.416150344754],
      [216.44971934493515, 296.36158870905],
      [219.1480354145533, 288.05642585864825],
      [214.42598229272335, 294.22128371536746],
      [214.051216171938, 291.7383551878065],
      [208.95439692932632, 288.9127253493725],
      [210.3785081882961, 284.7166443117767],
      [203.48281156593293, 282.83251496130833],
      [205.4315953939913, 276.4085328290739],
      [201.90879385865628, 271.61113804781326],
      [202.95813899684072, 267.49852580497463],
      [209.5540227225756, 265.01357207316687],
      [211.4278533264769, 269.72625491703],
      [217.49906448312322, 272.0395054426235],
      [220.04747410443088, 270.2403247166303],
      [222.89569662235954, 261.75713999603795],
      [220.04747410443088, 260.64302298153234],
      [218.39850317299715, 251.1286303904035],
      [218.39850317299715, 250.95717446810977],
      [210.15364851582126, 255.58616835858174],
      [201.60898096203164, 250.69998889600447],
      [194.8631907879826, 252.0716218659618]
    ],
    [
      [194.8631907879826, 252.0716218659618],
      [200.334776151376, 244.09819873468768],
      [197.7114133059149, 233.80702884660877],
      [204.08243735918222, 225.5717506376086],
      [203.7076712384005, 217.93509827985145],
      [213.0018710337572, 201.02510702085783],
      [213.45159037869234, 194.4132201496559],
      [217.19925158649858, 192.86738957451325],
      [220.64709989767653, 185.9102380841341],
      [222.67083694989196, 186.42563395207708],
      [228.06746908912828, 189.0883817780832],
      [229.04186100315928, 189.94728593857963],
      [229.26672067562686, 190.11906403471585],
      [222.74579017404903, 198.2774737628697],
      [222.67083694989196, 198.36334082927806],
      [222.74579017404903, 198.36334082927806],
      [227.91756264081778, 201.1109668062236],
      [230.61587871043594, 192.26621330412308],
      [233.53905445252894, 190.89205418286747],
      [229.71644002056564, 205.1461202053615],
      [229.56653357225514, 205.91875186712969]
    ],
    [
      [228.89195455484878, 299.2721797862496],
      [231.06559805537472, 293.5363566638098],
      [238.93568659176162, 293.2795053369946]
    ],
    [
      [238.93568659176162, 293.2795053369946],
      [238.93568659176162, 293.2795053369946]
    ],
    [
      [238.93568659176162, 293.2795053369946],
      [240.28484462657434, 299.18657784531933],
      [252.42726693986333, 302.5248883918521],
      [253.70147175051534, 302.8672600546988],
      [254.97567656116735, 307.488928767988],
      [255.275489457792, 308.51587811032914]
    ],
    [
      [255.275489457792, 308.51587811032914],
      [254.6758636645427, 308.77261043946055],
      [254.82577011285684, 310.8263969961008],
      [252.87698628479848, 311.5109640462333],
      [254.15119109545049, 314.8480246603558],
      [254.60091044038563, 315.960303081195],
      [254.60091044038563, 316.7303199940652],
      [253.17679918142312, 318.86916147123975],
      [254.6758636645427, 324.85717958258647],
      [254.75081688869977, 325.2848535685962],
      [254.82577011285684, 325.5414552994562],
      [256.1749281476659, 325.0282498422039],
      [261.12184094196346, 323.8307393971172],
      [260.07249580378266, 325.2848535685962],
      [258.79829099313065, 327.0810237842197]
    ],
    [
      [258.79829099313065, 327.0810237842197],
      [253.55156530220484, 330.75859118790413],
      [253.47661207804413, 330.5875506241182],
      [252.57717338817383, 328.1928896939562],
      [248.6796057320571, 327.7652533917726],
      [251.75268792245697, 327.93630857745484],
      [248.2298863871183, 322.20547711595646],
      [244.48222517931208, 323.31750732796627],
      [245.68147676581066, 317.58587324046493],
      [241.93381555800806, 316.8158763181791],
      [241.93381555800806, 313.39345006150506],
      [241.93381555800806, 313.051187879968],
      [241.78390910969392, 313.39345006150506],
      [240.20989140241727, 317.58587324046493],
      [239.01063981592233, 320.92231874003664],
      [240.43475107488484, 321.17895440947996],
      [240.65961074735606, 326.5678422696128],
      [235.03811893564853, 328.7060459440454],
      [239.08559304007576, 329.903379509341],
      [239.01063981592233, 329.9889016739462],
      [233.6889609008358, 331.4427445843494],
      [237.58652855695254, 333.6661452550388],
      [233.46410122837187, 334.77778947593833],
      [232.03998996940572, 338.19799870176485],
      [231.59027062446694, 334.2647275600748],
      [231.1405512795318, 335.5473674128725],
      [230.99064483121765, 336.14591564003695],
      [230.61587871043594, 337.25747644614694],
      [230.0162529171903, 337.51398516976496],
      [228.59214165822414, 337.00096573193696],
      [228.74204810653464, 338.02699664564625],
      [229.56653357225514, 346.0631376089641],
      [229.56653357225514, 345.97765701937806],
      [227.39289007172556, 343.755084185912],
      [228.44223520991, 346.57601651037476],
      [226.34354493354112, 345.4647688454079]
    ],
    [
      [226.34354493354112, 345.4647688454079],
      [226.34354493354112, 345.4647688454079]
    ],
    [
      [226.34354493354112, 345.4647688454079],
      [226.34354493354112, 345.5502507597166],
      [224.91943367457498, 349.14029182947434],
      [225.2941997953567, 351.9607653373205],
      [224.0949482088581, 352.72994370391734],
      [226.04373203691648, 358.02824290960143],
      [223.49532241560883, 362.72763843953544],
      [223.4203691914554, 362.983949958023],
      [225.4441062436672, 363.06938669084775],
      [226.04373203691648, 367.51179373687773],
      [221.0968192426153, 367.6826436740894],
      [224.24485465716862, 372.8077331334698],
      [221.92130470833217, 373.661837845013],
      [223.5702756397659, 377.07803721998243],
      [226.34354493354112, 378.102828582616],
      [223.4203691914554, 389.20271222011434],
      [225.4441062436672, 391.08078799731265],
      [220.1224273285843, 392.4465947981125],
      [217.04934513818444, 390.05639615347627]
    ],
    [
      [217.04934513818444, 390.05639615347627],
      [220.94691279430117, 385.78775764711463],
      [220.34728700105552, 385.4462429257637],
      [216, 383.3116965300633],
      [217.57401770727665, 377.50503745939113],
      [218.69831606961816, 373.23478823336427]
    ],
    [
      [218.69831606961816, 373.23478823336427],
      [220.87195957014774, 370.84320897154794],
      [218.32354994884008, 368.87856862056196]
    ],
    [
      [218.32354994884008, 368.87856862056196],
      [218.248596724683, 368.87856862056196],
      [217.79887737974423, 368.02434091114173],
      [217.79887737974423, 367.93891693154]
    ],
    [
      [217.79887737974423, 367.93891693154],
      [217.42411125896615, 362.64220082669],
      [214.80074841350506, 362.5567629938341],
      [214.80074841350506, 358.6263847794935],
      [217.19925158649858, 357.1737358045666],
      [214.20112262025577, 354.78099871732593],
      [217.04934513818444, 351.87529997190086],
      [213.82635649947406, 351.87529997190086],
      [214.35102906856628, 345.29380435439],
      [211.35290010231984, 337.34297957518993],
      [213.37663715453527, 335.88939629869583],
      [211.05308720569883, 332.89652349748576],
      [221.4715853633934, 316.6447634478336],
      [219.5977547594921, 314.077963755728],
      [221.99625793248924, 311.42539394327014],
      [218.39850317299715, 307.3177674288245],
      [218.47345639715058, 306.8042780699443]
    ],
    [
      [217.79887737974423, 367.93891693154],
      [216.67457901740636, 365.71781631055546],
      [216.59962579324565, 365.6323863957432],
      [215.55028065506485, 363.66743766100626],
      [214.27607584441284, 364.3509112860884],
      [213.45159037869234, 363.8383073870027],
      [214.20112262025577, 362.5567629938341],
      [210.90318075738833, 362.47132494095786],
      [210.67832108491712, 359.4808544485677],
      [213.0018710337572, 359.2245158596925],
      [210.45346141244954, 356.83192679536387],
      [213.37663715453527, 355.8919338462174],
      [211.2779468781664, 354.95191423797496],
      [211.05308720569883, 349.6531230616265],
      [207.0056131012716, 350.336885683887],
      [206.93065987711452, 353.24271936041805],
      [205.13178249736666, 350.6787617010332],
      [204.3072970316498, 354.8664565878362],
      [203.857577686711, 349.73859416149844],
      [197.18674073682268, 350.6787617010332],
      [199.36038423734863, 346.8324529809033],
      [194.33851821889039, 345.29380435439],
      [195.38786335707482, 342.47276271225473],
      [197.18674073682268, 345.4647688454079],
      [197.7114133059149, 343.49862386742825],
      [198.76075844409934, 345.97765701937806],
      [203.48281156593293, 346.0631376089641],
      [204.98187604905615, 341.9598202044508],
      [198.01122620253955, 339.22399246432633],
      [202.28355997943436, 331.6137807189407],
      [197.78636653007197, 332.2124002149967],
      [199.06057134072398, 335.29084342533497],
      [195.68767625369946, 335.6328749662016],
      [195.68767625369946, 339.39498832935533],
      [189.31665220043215, 337.68498987967814],
      [187.14300869990257, 340.59193462547046],
      [184.36973940613098, 336.0604094141563],
      [182.12114268144796, 339.0529957149465],
      [177.84880890454951, 339.90797061867306],
      [177.77385568039244, 336.6589483496591],
      [177.698902456239, 333.40960666140745],
      [183.09553459547533, 322.3765611273666],
      [185.34413132015834, 317.67142734360004],
      [185.943757113404, 297.38888558359395],
      [184.21983295781683, 294.9918095770681],
      [186.46842968249985, 288.22768754418667],
      [187.44282159653085, 285.1448404337016],
      [186.3934764583464, 284.2884425999955],
      [186.3934764583464, 282.83251496130833]
    ],
    [
      [186.3934764583464, 282.83251496130833],
      [186.99310225159206, 280.9482773494474]
    ],
    [
      [186.99310225159206, 280.9482773494474],
      [188.19235383809064, 280.862627612265],
      [188.4172135105582, 278.6356558901516],
      [189.9912312178385, 266.0418516835971],
      [194.4884246672009, 263.12830881819536],
      [194.8631907879826, 252.0716218659618]
    ],
    [
      [218.69831606961816, 373.23478823336427],
      [219.37289508702452, 371.0140417712764],
      [218.32354994884008, 368.87856862056196]
    ],
    [
      [258.79829099313065, 327.0810237842197],
      [263.8201570115889, 333.40960666140745],
      [273.33921647941315, 334.69227970987777],
      [276.3373454456523, 340.59193462547046],
      [284.95696622360265, 344.43896865015176],
      [286.3061242584117, 365.8032460054965],
      [298.07378045092264, 374.77214115382685],
      [300.09751750313444, 380.40849369350235],
      [296.5747159677994, 409.5144620664969],
      [309.91638986758335, 414.63312140845846]
    ],
    [
      [309.91638986758335, 414.63312140845846],
      [310.44106243667557, 422.9066304752623],
      [306.8433076771835, 430.66651753901624],
      [304.07003838340825, 429.64333860813895],
      [306.31863510809126, 435.27043628598676],
      [294.6259321397447, 454.95785176239315],
      [295.00069826052277, 461.7733172053413],
      [290.20369191452846, 463.13624472532774],
      [287.0556564999788, 483.99919362451055],
      [284.2823872061999, 483.57354804745864],
      [284.05752753373235, 487.3190451249984],
      [281.65902436073884, 487.9999999999982],
      [277.5365970321509, 486.5529544930305],
      [272.6646374620068, 473.27128869621265],
      [261.42165383859174, 473.7822186441481],
      [259.3979167863763, 467.7357180158715],
      [253.70147175051534, 463.47696798710695],
      [243.80764616190936, 464.1584041705228],
      [236.46223019461468, 458.53614321149325],
      [224.3947611054864, 456.66184753226025],
      [216.14990644831414, 462.1992379808944],
      [203.93253091087172, 463.47696798710695],
      [195.38786335707482, 452.48690455445285],
      [192.31478116667495, 443.5388518563741],
      [187.96749416562307, 442.771764997834]
    ],
    [
      [187.96749416562307, 442.771764997834],
      [187.892540941466, 442.51606548392647],
      [195.91253592616704, 419.49512204365055],
      [195.9874891503241, 419.15395207157144],
      [196.28730204694875, 418.3863069139943],
      [196.28730204694875, 416.76566484170144],
      [197.41160040928662, 408.6612759426325],
      [199.4353374615057, 406.698865153121],
      [205.6564550664625, 400.81094065376055],
      [210.67832108491712, 395.86086694406004],
      [214.20112262025577, 388.6051204483565],
      [216.67457901740636, 390.48322991635087],
      [216.8244854657205, 390.3124970674535],
      [217.04934513818444, 390.05639615347627]
    ],
    [
      [187.96749416562307, 442.771764997834],
      [188.19235383809064, 445.15819990670207],
      [160.084894779553, 441.4932479535073],
      [156.4871400200609, 451.8052319928256],
      [152.36471269148024, 454.70224495220555],
      [144.71948382755727, 449.16362025476155],
      [142.54584032703133, 455.043053600828],
      [131.75257604855506, 459.47325190835363],
      [121.40903111501393, 450.6122717519611],
      [121.85875045994908, 446.09568151524036],
      [114.58828771680783, 438.08363106986053],
      [110.61576683653402, 425.7208632241591],
      [101.32156704118097, 421.3714947144508]
    ],
    [
      [101.32156704118097, 421.3714947144508],
      [105.51894759391871, 396.11692325885815],
      [125.3815519952841, 379.29837859223153],
      [128.45463418568397, 348.8838732349159],
      [98.47334452324867, 344.18251363252693],
      [94.80063653959951, 339.7369774064964],
      [97.4989526092213, 327.50866895113995],
      [102.9705379726147, 322.80426727340637],
      [104.84436857651599, 314.24908995679107],
      [108.74193623263272, 310.8263969961008],
      [102.9705379726147, 306.2907806983276],
      [103.86997666248499, 295.8479282271328]
    ],
    [
      [103.86997666248499, 295.8479282271328],
      [105.81876049054335, 294.3925132466211],
      [106.26847983548214, 294.05005329148935],
      [118.33594892461406, 303.038444549562],
      [123.58267461553987, 294.30689859256745],
      [128.07986806490226, 299.2721797862496],
      [133.40154697998878, 296.4471980086473],
      [138.0486468776653, 298.84416785228404],
      [139.9224774815666, 293.70758976574325],
      [146.7432208797727, 289.3408667169797],
      [153.3391046055076, 296.36158870905],
      [161.059286693584, 285.74430561441386],
      [166.08115271204588, 289.4264943203425],
      [169.1542349024421, 285.4017554239472],
      [177.698902456239, 284.0315188896029],
      [181.74637656066625, 286.00121591001607],
      [183.62020716457118, 281.9760567429166],
      [186.3934764583464, 282.9181595528371],
      [186.3934764583464, 282.83251496130833]
    ],
    [
      [229.56653357225514, 205.91875186712969],
      [228.74204810653464, 208.75157716974627],
      [233.98877379746045, 209.0090944765525],
      [237.81138822942376, 209.26660973946582],
      [240.43475107488484, 204.88857222723345],
      [237.13680921202103, 203.77250734904737],
      [240.9594236439807, 201.79783690071054],
      [238.2611075743589, 198.79267274747053]
    ],
    [
      [238.2611075743589, 198.79267274747053],
      [238.2611075743589, 198.79267274747053]
    ],
    [
      [238.2611075743589, 198.79267274747053],
      [240.28484462657434, 198.70680681899285],
      [242.2336284546327, 198.87853844836718],
      [244.25736550684815, 204.80272244661137],
      [245.98128966243894, 202.57054835835788],
      [246.2061493349065, 202.22712331800813],
      [245.30671064503258, 196.30246841031203],
      [238.7108269192977, 195.27198302317993],
      [238.63587369514062, 191.6650258677073],
      [247.7052138180261, 194.4990974619477],
      [245.45661709334308, 190.54850528550196],
      [248.60465250790367, 190.72028019008576],
      [250.02876376686618, 195.44373286489918],
      [252.72707983648797, 194.06970862268554],
      [253.02689273310898, 193.89795149244674],
      [254.6758636645427, 182.8176903464273],
      [249.20427830114932, 183.93447781998202],
      [254.3760507679217, 181.27130552649123],
      [253.62651852635827, 170.61642032588588],
      [256.0999749235125, 168.38188541819272],
      [256.39978782013713, 176.28800650514313],
      [261.12184094196346, 178.86567093671147],
      [256.9244603892257, 179.38117914127724],
      [256.69960071675814, 182.55996468089415],
      [259.3979167863763, 181.18539308921936],
      [261.64651351106295, 183.76266687366024],
      [257.67399263078914, 184.36400119119025],
      [257.1493200616933, 186.16793704483734],
      [260.8969812694995, 187.19871235412575],
      [256.9244603892257, 188.74481372937134],
      [256.39978782013713, 191.9226789935301],
      [259.69772968300094, 190.46261749127916],
      [259.2480103380658, 194.9284806068581],
      [263.07062477002546, 195.52960744416487],
      [260.4472619245644, 197.4187905802455],
      [263.8201570115889, 199.0502691674601],
      [263.14557799418253, 213.72988298843302],
      [269.966321392385, 212.27080348876098],
      [271.0906197547265, 208.4082175810936],
      [278.36108249786776, 203.51494845971501],
      [278.6608953944924, 199.39372787492084],
      [281.80893080904934, 203.68665461328055],
      [275.1380938591574, 214.4164859461589],
      [273.78893582434466, 221.11010424814685],
      [270.1911810648562, 222.2255732507656],
      [273.4141697035666, 228.91758377663336],
      [270.1911810648562, 229.94700167592327],
      [265.91884728795776, 249.41403063604594],
      [262.7708118734008, 250.69998889600447],
      [263.9700634598994, 253.87180268952307],
      [262.32109252846567, 255.15758537777674],
      [261.64651351106295, 255.67188427991096],
      [264.1949231323706, 256.10046051259087],
      [262.32109252846567, 262.8712190440456],
      [265.3192214947085, 259.7002789238768],
      [268.692116581733, 263.8995660131977]
    ],
    [
      [268.692116581733, 263.8995660131977],
      [257.524086182475, 269.4692169894279],
      [255.72520880273078, 267.8412632320287],
      [252.2773604915492, 274.09559093222833],
      [250.17867021518032, 264.75649711950336],
      [243.50783326528472, 270.1546469773757],
      [239.6852188333287, 269.04081595742264],
      [238.56092047098355, 265.35633553502794],
      [240.8095171956702, 263.12830881819536],
      [236.76204309123932, 258.67179984544873],
      [236.0874640738366, 256.1861750843709],
      [235.93755762552246, 255.92903069429667],
      [235.63774472889418, 256.10046051259087]
    ],
    [
      [62.87056304910584, 261.41433880497607],
      [62.64570337663463, 262.01423853045344],
      [61.146638893515046, 264.2423411501504],
      [60.0223405311699, 267.926947027855],
      [63.47018884235149, 268.69809109412836],
      [62.19598403169948, 269.89761241400083],
      [60.921779221043835, 271.1827650480418],
      [60.8468259968904, 271.1827650480418],
      [64.21972108391492, 277.26513653616075],
      [61.29654534182555, 280.3487244898224],
      [63.095422721573414, 289.1696108401038],
      [59.647574410391826, 291.1389994838237],
      [60.322153427798185, 295.5910949746394],
      [56.799351892459526, 295.3342597143155],
      [56.724398668306094, 295.3342597143155],
      [58.223463151425676, 297.0464568605694],
      [53.57636325374915, 304.23671106743586]
    ],
    [
      [53.57636325374915, 304.23671106743586],
      [40.6094554747433, 299.5289842715256],
      [32.21469436926418, 294.7349696313913]
    ],
    [
      [32.21469436926418, 294.7349696313913],
      [36.112262025380915, 291.39586755380697],
      [28.317126713143807, 287.5426354393676],
      [31.390208903547318, 283.9458772055623],
      [29.366471851328242, 281.0339268628677],
      [32.06478792095004, 279.7491606642343],
      [31.090396006922674, 274.3525925419135],
      [34.013571749008406, 273.58158166248995],
      [36.112262025380915, 267.6698949672618],
      [32.81432016250983, 267.1557847877102],
      [28.841799282239663, 259.1860434305745],
      [31.98983469679297, 258.75750767160844],
      [36.936747491097776, 250.44280129741674],
      [34.68815076641113, 248.985366622137],
      [35.21282333550698, 240.41090314939993],
      [37.38646683603292, 232.0057397945502],
      [40.23468935396522, 229.94700167592327],
      [39.485157112401794, 232.8635089154768],
      [44.28216345839246, 232.34885015507098],
      [46.75561985554668, 238.2669348710424],
      [52.60197133971815, 234.49320798781628],
      [53.42645680543501, 236.38012607995552]
    ],
    [
      [290.8033177077814, 279.06393143411606],
      [290.3535983628426, 278.9782767730503],
      [289.8289257937504, 278.8069667793343],
      [281.9588372573635, 283.34637915542135],
      [278.36108249786776, 280.6913274665785]
    ],
    [
      [278.36108249786776, 280.6913274665785],
      [275.88762610071717, 278.8926218881197],
      [272.81454391032094, 270.58303343107673],
      [272.4397777895356, 269.55489652292],
      [272.36482456538215, 269.4692169894279],
      [277.1618309113692, 267.32715574513713],
      [277.83640992877554, 264.1566477027336],
      [283.53285496464014, 263.98526013425635],
      [277.68650348046503, 261.3286379455503],
      [280.1599598776156, 253.35747543880552],
      [277.4616438079938, 258.75750767160844],
      [273.11435680694194, 257.2147324037114],
      [274.463514841751, 258.67179984544873],
      [271.3154794271941, 263.3853965710405],
      [268.84202303004713, 264.1566477027336],
      [268.692116581733, 263.8995660131977]
    ],
    [
      [186.99310225159206, 280.9482773494474],
      [186.99310225159206, 280.9482773494474]
    ],
    [
      [186.99310225159206, 280.9482773494474],
      [185.19422487184784, 281.11957615251595],
      [180.1723588533896, 275.72323373725067],
      [186.0187103375647, 270.75438644281166],
      [183.9200200611922, 263.3853965710405],
      [187.44282159653085, 260.12880232099906],
      [184.51964585444148, 248.89963314364013],
      [188.6420731830258, 244.2696907062973],
      [189.91627799368143, 237.32354413548182],
      [191.94001504589687, 237.152015612156],
      [191.94001504589687, 237.06625101179998],
      [191.86506182173616, 237.06625101179998]
    ],
    [
      [300.7720965205408, 136.3078291978436],
      [292.52724186336854, 138.28651160635582],
      [288.03004841400616, 144.90990943393626],
      [289.0044403280335, 147.40408214263607],
      [285.331732344388, 147.06006982157214],
      [281.2842582399571, 151.18797488019663],
      [281.20930501580006, 151.27396727072573],
      [278.88575506696, 159.95801574932557],
      [277.7614567046221, 163.99830956189908],
      [277.7614567046221, 164.08426775784756],
      [285.18182589607386, 173.1945375737132],
      [284.357340430357, 182.73178201957126]
    ],
    [
      [284.357340430357, 182.73178201957126],
      [284.357340430357, 182.73178201957126]
    ],
    [
      [284.357340430357, 182.73178201957126],
      [284.357340430357, 182.8176903464273],
      [290.6534112594709, 198.87853844836718],
      [290.3535983628426, 199.7371829416461],
      [289.52911289712574, 201.62612074177468]
    ],
    [
      [278.36108249786776, 280.6913274665785],
      [279.33547441189876, 282.48993435833836],
      [276.48725189396646, 284.2028015868191],
      [272.6646374620068, 284.63100441662027],
      [270.7158536339484, 287.5426354393676],
      [273.4141697035666, 287.5426354393676],
      [270.86576008225893, 288.7414672385539],
      [271.76519877213286, 291.8239765381213],
      [274.3885616175976, 293.36512266912996],
      [273.33921647941315, 295.9335388651307],
      [276.3373454456523, 294.22128371536746],
      [275.1380938591574, 296.01914928005317],
      [276.93697123890524, 296.7896329765463],
      [274.76332773837566, 296.87524116092027],
      [279.48538086020926, 303.2096281534259],
      [270.4160407373238, 295.4198716908568],
      [268.3173504609513, 302.3537012238048],
      [265.8438940638007, 296.87524116092027],
      [265.91884728795776, 303.2096281534259],
      [267.8676311160161, 307.83124877581304],
      [270.64090040979136, 308.4303002222996],
      [267.4928649952344, 309.62837040892555],
      [266.7433327536746, 309.20049320501494],
      [265.6939876154902, 306.8898601861756],
      [263.3704376666501, 307.4033482096811],
      [264.94445537392676, 306.2051970239809],
      [263.14557799418253, 303.55199268829074],
      [260.3723087004073, 306.3763641500718],
      [257.9738055274138, 300.47058355419085],
      [257.7489458549462, 300.0425872235837],
      [257.82389907909965, 300.89857431310793],
      [258.1237119757243, 307.6600892169736],
      [257.8988523032531, 307.6600892169736],
      [255.8001620268842, 308.344722111764],
      [255.275489457792, 308.51587811032914]
    ],
    [
      [339.0731940643054, 315.1902681737638],
      [339.0731940643054, 315.27582849663213],
      [346.56851647991425, 318.0136415354091],
      [344.6946858760093, 318.2702998476143],
      [344.31991975523124, 325.5414552994562],
      [346.7933761523818, 330.1599453386334],
      [343.8702004102961, 337.4284824830629],
      [335.775252201438, 341.36137722487456],
      [339.9726327541757, 345.20832177766806],
      [333.30179580428376, 356.91737937807466],
      [326.4810524060813, 358.54093660156195],
      [326.4810524060813, 372.29525976842706],
      [322.8832976465892, 381.3477929211067],
      [319.21058966294004, 383.6532331527096],
      [315.61283490344795, 399.1894456898426],
      [311.64031402317414, 401.3229753233891],
      [309.91638986758335, 414.63312140845846]
    ],
    [
      [366.2812144329655, 22.974508719676123],
      [373.8514900727314, 13.993984943533178],
      [379.3230754361248, 10.97111881809542],
      [386.36867850679846, -9.094947017729282e-13],
      [391.9152170943453, 2.5055524727104057],
      [388.09260266238925, 5.961160148806812],
      [389.51671392135177, 7.343297189804616],
      [386.2937252826414, 14.166711407461662],
      [391.2406380769462, 14.771246589541079],
      [388.9170881281061, 15.11669006804641],
      [381.0469995917156, 29.621906704459434],
      [384.26998823042595, 33.85134189751079],
      [382.3212044023712, 36.181605537542055],
      [384.8696140236789, 37.99391426467355],
      [381.79653183327537, 49.98705926810908],
      [387.2681171966724, 51.71231844472277],
      [396.56231699202544, 60.59591865362836],
      [410.72847635752987, 65.0798995196892],
      [407.13072159803414, 75.59752749418294],
      [401.05951044138783, 78.26948585080027],
      [400.9845572172344, 88.69659910167229],
      [389.2918542488842, 112.20972949689713],
      [389.44176069719833, 122.10935577075725],
      [386.9683043000441, 126.15440962222874],
      [394.16381381903193, 134.67317350499616],
      [397.53670890605645, 133.29655678457402],
      [402.3337152520471, 138.71664382640301],
      [411.9277279440248, 143.27569136548755],
      [414.2512778928649, 140.95323853928767],
      [420.09762937704, 146.11401696384019],
      [425.2694018438124, 146.88806228112753],
      [426.01893408537217, 151.78991678840248],
      [405.63165711491456, 152.0478884453296]
    ],
    [
      [103.86997666248499, 295.8479282271328],
      [103.79502343833155, 295.8479282271328],
      [93.45147850479043, 293.1938877816683]
    ],
    [
      [93.45147850479043, 293.1938877816683],
      [93.45147850479043, 293.1938877816683]
    ],
    [
      [93.45147850479043, 293.1938877816683],
      [90.8281156593257, 295.76231736605405],
      [78.53578689772985, 295.9335388651307],
      [78.31092722525864, 295.9335388651307],
      [73.1391547584899, 306.8042780699443],
      [74.33840634498847, 310.56968068295646],
      [67.36775649847186, 309.79951973333755],
      [63.770001738976134, 315.01914686145574],
      [56.94925834077367, 307.3177674288245],
      [54.550755167776515, 309.88509406188496],
      [52.22720521893643, 308.68703321890735],
      [53.57636325374915, 304.23671106743586]
    ],
    [
      [101.32156704118097, 421.3714947144508],
      [93.00175915985164, 417.53334719014583],
      [95.77502845362687, 420.6891895525632],
      [90.22848986608005, 422.13907139552157],
      [90.52830276270106, 430.4107257348778],
      [79.66008526006772, 430.75178103989856],
      [71.71504349952374, 438.9360677674913],
      [74.11354667251362, 429.21700483322],
      [70.81560480964981, 423.5036087036051],
      [63.844954963133205, 422.6507794042127],
      [63.844954963133205, 428.53485951025596],
      [61.29654534182555, 431.86018681404767],
      [51.25281330490543, 431.00757024110135],
      [50.80309395997392, 425.2092021347653],
      [44.88178925164175, 421.54206883149345],
      [41.43394094046016, 428.1937816406671],
      [34.98796366303941, 433.2243282257905],
      [34.613197542257694, 425.29447952587725],
      [30.0410508687346, 417.87453368958995],
      [22.470775228968705, 420.94505561841197],
      [9.204054553341848, 414.2919018374914],
      [4.856767552286328, 414.97433749715765],
      [9.054148105027707, 408.6612759426325],
      [8.529475535939127, 405.50429777799854],
      [12.801809312833939, 402.26168514546316],
      [11.227791605557286, 393.04411767098827],
      [14.750593140895944, 392.4465947981125],
      [16.549470520636532, 387.495278709318],
      [15.200312485827453, 385.78775764711463],
      [16.999189865578956, 383.3116965300633],
      [12.352089967895154, 377.1634377065575],
      [14.22592057179645, 373.661837845013],
      [12.951715761144442, 370.58695812464885],
      [20.971710745849123, 355.03737166775227],
      [15.500125382452097, 352.9863325242177],
      [17.29900276219996, 342.13080192418784],
      [13.401435106083227, 336.6589483496591],
      [17.22404953804289, 338.02699664564625],
      [21.57133653909841, 335.4618596382861],
      [19.097880141944188, 332.2979164001981],
      [22.395822004815273, 320.665681073252],
      [19.022926917790755, 314.9335858720042],
      [23.295260694685567, 308.51587811032914],
      [23.295260694685567, 302.0969188008712],
      [28.167220264833304, 298.5017542921678],
      [25.318997746901005, 294.22128371536746],
      [32.21469436926418, 294.7349696313913]
    ]
  ],
  "bbox": [
    4.856767552286328,
    -9.094947017729282e-13,
    427.1432324477137,
    487.9999999999982
  ]
}
