{
  "type": "Topology",
  "objects": {
    "districts": {
      "type": "GeometryCollection",
      "geometries": [
        {
          "type": "Polygon",
          "arcs": [[0, 1, 2, 3, 4]],
          "properties": {
            "dt_code": "261",
            "district": "Mon",
            "st_code": "13",
            "year": "2011_c",
            "st_nm": "Nagaland"
          }
        },
        {
          "type": "Polygon",
          "arcs": [[5, -4, 2, -2, 6, 7]],
          "properties": {
            "dt_code": "268",
            "district": "Longleng",
            "st_code": "13",
            "year": "2011_c",
            "st_nm": "Nagaland"
          }
        },
        {
          "type": "Polygon",
          "arcs": [[-8, 8, 9, 10, 11]],
          "properties": {
            "dt_code": "262",
            "district": "Mokokchung",
            "st_code": "13",
            "year": "2011_c",
            "st_nm": "Nagaland"
          }
        },
        {
          "type": "Polygon",
          "arcs": [[-7, -1, 12, 13, 14, -9]],
          "properties": {
            "dt_code": "267",
            "district": "Tuensang",
            "st_code": "13",
            "year": "2011_c",
            "st_nm": "Nagaland"
          }
        },
        {
          "type": "Polygon",
          "arcs": [[-14, 15, 16, 17]],
          "properties": {
            "dt_code": "269",
            "district": "Kiphire",
            "st_code": "13",
            "year": "2011_c",
            "st_nm": "Nagaland"
          }
        },
        {
          "type": "Polygon",
          "arcs": [[18, 19, 20]],
          "properties": {
            "dt_code": "271",
            "district": "Peren",
            "st_code": "13",
            "year": "2011_c",
            "st_nm": "Nagaland"
          }
        },
        {
          "type": "Polygon",
          "arcs": [[-11, 21, 22, 23, 24]],
          "properties": {
            "dt_code": "264",
            "district": "Wokha",
            "st_code": "13",
            "year": "2011_c",
            "st_nm": "Nagaland"
          }
        },
        {
          "type": "Polygon",
          "arcs": [[-10, -15, -18, 25, 26, 27, 28, 29, -22]],
          "properties": {
            "dt_code": "263",
            "district": "Zunheboto",
            "st_code": "13",
            "year": "2011_c",
            "st_nm": "Nagaland"
          }
        },
        {
          "type": "Polygon",
          "arcs": [[30, 31, -28, 26, -26, -17]],
          "properties": {
            "dt_code": "266",
            "district": "Phek",
            "st_code": "13",
            "year": "2011_c",
            "st_nm": "Nagaland"
          }
        },
        {
          "type": "Polygon",
          "arcs": [[-20, 32, -23, -30, 28, -32, 33]],
          "properties": {
            "dt_code": "270",
            "district": "Kohima",
            "st_code": "13",
            "year": "2011_c",
            "st_nm": "Nagaland"
          }
        },
        {
          "type": "Polygon",
          "arcs": [[-24, -33, -19, 34]],
          "properties": {
            "dt_code": "265",
            "district": "Dimapur",
            "st_code": "13",
            "year": "2011_c",
            "st_nm": "Nagaland"
          }
        }
      ]
    }
  },
  "arcs": [
    [
      [404.7955678670369, 186.89062594003826],
      [395.78060941828153, 189.4403389025456],
      [392.74903047091357, 189.52825606187344],
      [385.72853185595886, 192.25355653401948],
      [377.35180055401725, 200.6036986652116],
      [369.77285318559734, 199.72484881669607],
      [364.1883656509708, 197.35182207422986],
      [366.9806094182859, 191.19863172510213],
      [366.50193905817287, 185.6596501943941],
      [356.92853185595595, 184.78034996734368],
      [357.64653739612186, 178.80040442337668],
      [357.5667590027697, 178.80040442337668]
    ],
    [
      [357.5667590027697, 178.80040442337668],
      [358.2049861495834, 172.99516473330277],
      [354.21606648199304, 163.9331566756182],
      [355.0936288088633, 158.65301408657524],
      [352.22160664819967, 154.69227685569513],
      [354.13628808864087, 147.2094085897188],
      [350.7058171745157, 134.96855311668696],
      [353.25872576177426, 133.38302777720764],
      [350.0675900277056, 129.06643510194044],
      [353.4182825484786, 122.19379440635475],
      [350.9451523545722, 119.3737764786747],
      [344.56288088643123, 120.78381986416116],
      [329.2454293628798, 114.87880350692194],
      [329.08587257617546, 114.79065978366634],
      [329.325207756232, 109.5015434776069],
      [327.49030470914295, 108.5317669276119]
    ],
    [
      [327.49030470914295, 108.5317669276119],
      [327.49030470914295, 108.5317669276119]
    ],
    [
      [327.49030470914295, 108.5317669276119],
      [329.8836565096972, 101.03693856835707],
      [327.5700831024951, 98.47943328865767],
      [333.31412742382236, 100.77237958952901],
      [339.7761772853228, 93.45195028262151],
      [333.07479224376584, 85.68849637101812],
      [331.63878116343767, 82.68841846859414],
      [333.2343490304738, 80.92352040851256],
      [330.8409972299196, 80.83527265880821],
      [330.68144044321525, 80.74702463796075],
      [331.39944598338116, 80.57052778278012],
      [335.38836565097154, 78.62899077949805],
      [335.30858725761937, 77.8346878020684],
      [332.91523545706514, 74.21591830497528],
      [331.7983379501384, 73.95111237672882],
      [330.0432132963979, 73.50976373220692]
    ],
    [
      [330.0432132963979, 73.50976373220692],
      [329.5645429362921, 73.42149318863812],
      [332.6759002770086, 72.45049928497247],
      [331.0005540166203, 69.18418764505532],
      [331.08033240997247, 69.18418764505532],
      [335.30858725761937, 67.77161332767992],
      [336.02659279778527, 60.70769730703432],
      [336.02659279778527, 60.70769730703432],
      [343.36620498614866, 53.9070323792057],
      [346.9562326869818, 45.24930229252459],
      [348.15290858726075, 44.10063091938355],
      [350.7058171745157, 41.62641266274386],
      [352.30138504155184, 40.12410417162391],
      [355.9711911357372, 38.00306353080032],
      [360.11966759002826, 35.17476422651362],
      [361.63545706371224, 39.24035638233727],
      [367.9379501385047, 38.1798229347778],
      [368.49639889196624, 38.09144336956706],
      [373.2831024930747, 44.18899189491003],
      [381.0216066482026, 42.156620326580196],
      [400.2481994459813, 31.81579475055969],
      [402.4819944598348, 27.04184189751959],
      [420.9108033240991, 13.069014759760648],
      [420.9108033240991, 13.069014759760648],
      [420.9108033240991, 13.069014759760648],
      [421.38947368421213, 13.245928841480236],
      [420.5119113573419, 25.980854941480175],
      [424.9795013850453, 30.6665828291043],
      [422.9052631578961, 32.78816868236481],
      [423.94238227146707, 36.85410073159619],
      [429.20775623268855, 41.714781290058454],
      [429.68642659279794, 46.751341360511105],
      [428.7290858725755, 52.31703351073611],
      [424.3412742382279, 51.963688428893875],
      [418.11855955678766, 58.58818281261483],
      [423.0648199445968, 61.06093447332478],
      [421.78836565096935, 67.06530006955654],
      [424.26149584487575, 74.03938129100607],
      [431.8404432132993, 77.12862226147445],
      [432, 77.21688140374317],
      [426.0963988919684, 84.01202086173544],
      [424.660387811633, 90.80555372291292],
      [429.8459833795023, 96.62730487778481],
      [430.08531855955516, 102.35969701237991],
      [430.08531855955516, 102.53606021545693],
      [424.3412742382279, 111.26469001313308],
      [418.11855955678766, 112.49882845658703],
      [410.9385041551286, 119.28564648080828],
      [412.05540166205174, 127.65679588287549],
      [408.7047091412751, 134.44005432425547],
      [405.5135734072028, 133.99963128958188],
      [401.44487534626023, 138.13934320251792],
      [403.0404432132964, 143.95155659508964],
      [391.2332409972332, 161.20520287215095],
      [392.190581717452, 163.31718950001414],
      [396.33905817174673, 161.8212148359171],
      [400.72686980609797, 168.59648449930046],
      [399.76952908587555, 175.28221559033955],
      [406.39113573407303, 177.5690867045996],
      [404.7955678670369, 186.89062594003826]
    ],
    [
      [317.6775623268695, 85.51202987030956],
      [318.55512465373977, 78.80549956812138],
      [322.7036011080345, 81.36475508994863],
      [325.3362880886416, 75.53991129351107],
      [330.0432132963979, 73.50976373220692]
    ],
    [
      [357.5667590027697, 178.80040442337668],
      [357.48698060942115, 178.80040442337668],
      [342.64819944598275, 178.2727032071216],
      [324.3789473684192, 158.56500357520872],
      [319.43268698061, 158.12494701600644],
      [311.6144044321336, 162.1732158062232]
    ],
    [
      [311.6144044321336, 162.1732158062232],
      [306.9074792243773, 153.81203960813946],
      [308.26371191135695, 149.23437527421083],
      [306.74792243767297, 143.59933443821865],
      [315.3639889196711, 132.0616902783495],
      [316.9595567867036, 123.16311198007497],
      [317.0393351800558, 123.07499354467745],
      [311.05595567867203, 113.6447668774199],
      [302.5196675900297, 111.08838021032716],
      [313.92797783933565, 102.97696349933813],
      [314.96509695291024, 98.5676269074902],
      [320.62936288088895, 98.47943328865767],
      [319.3529085872615, 90.09980684908169],
      [322.30470914127363, 90.62911862810688],
      [317.6775623268695, 85.51202987030956]
    ],
    [
      [311.6144044321336, 162.1732158062232],
      [311.5346260387814, 163.05319956938638],
      [311.2155124653764, 164.9890700228134],
      [310.0986149584496, 171.6756305206345],
      [308.0243767313041, 170.53198577493913],
      [304.59390581717525, 178.4486046753873],
      [299.88698060941897, 179.85577816167734],
      [301.3229916897508, 180.99905654552003],
      [298.371191135735, 189.2645037885468],
      [290.2337950138535, 192.34146521245475],
      [285.2875346260371, 200.07639193030627],
      [283.0537396121872, 198.75808342876826],
      [282.8144044321343, 201.5704029499948],
      [278.90526315789975, 202.09768270948643],
      [278.7457063711918, 203.06433754707177],
      [277.86814404432516, 210.09359269920424],
      [283.1335180055394, 214.48601911648439],
      [283.21329639889154, 219.05344319883352],
      [283.21329639889154, 219.40475399511524]
    ],
    [
      [283.21329639889154, 219.40475399511524],
      [276.4321329639897, 223.70796924823117],
      [271.4060941828284, 219.93171228600931],
      [264.30581717451787, 220.54648497293147],
      [264.1462603878135, 220.54648497293147],
      [263.90692520776065, 216.8576552005079],
      [267.97562326869956, 214.22249213013492],
      [261.5135734072028, 203.76733915573732],
      [259.99778393351517, 201.30675950039677],
      [258.561772853187, 203.59159033956712],
      [252.09972299169021, 222.65417907091796],
      [243.0049861495827, 221.2490665260184],
      [235.26648199446208, 225.9032437226051],
      [235.50581717451496, 225.2007737849881]
    ],
    [
      [235.50581717451496, 225.2007737849881],
      [237.81939058172065, 217.7359901652153],
      [235.6653739612193, 216.24280504161197],
      [227.28864265928496, 214.04680615387315],
      [227.20886426592915, 213.9589627701189],
      [227.12908587257698, 213.9589627701189],
      [232.63379501385134, 206.84277232807563],
      [230.95844875346302, 196.47287432166559],
      [234.14958448753896, 189.70408958523603],
      [229.04376731301818, 191.02280721368516],
      [232.474238227147, 184.69241848520596],
      [226.01218836565022, 174.9303733137076],
      [224.81551246537492, 173.3470304139737],
      [219.4703601108049, 179.50399116620883],
      [220.10858725761864, 175.28221559033955],
      [216.99722991690214, 169.30031805292674],
      [222.26260387811635, 158.65301408657524],
      [222.34238227146852, 158.47699279702556]
    ],
    [
      [222.34238227146852, 158.47699279702556],
      [222.98060941828226, 159.09306264129646],
      [224.97506925207927, 153.10783058042125],
      [231.0382271468152, 151.08313438830464],
      [231.11800554016736, 151.08313438830464],
      [231.11800554016736, 150.9951009127135],
      [230.0011080332406, 147.38549826480994],
      [235.50581717451496, 147.0333178448309],
      [236.3833795013852, 143.07099317334269],
      [241.96786703601174, 139.9007431819291],
      [244.76011080332682, 129.06643510194044],
      [242.44653739612477, 120.60756820625375],
      [253.37617728531768, 114.17364618146621],
      [256.56731301939, 114.9669469609371],
      [253.77506925208218, 110.03049875750366],
      [255.3706371191147, 107.73828912278896],
      [262.7102493074781, 106.68028474025596],
      [266.22049861495907, 101.74241729802725],
      [268.2947368421046, 102.62424141208703],
      [269.0127423822705, 98.21485081115497],
      [278.4265927977831, 96.71550417108847],
      [277.78836565096935, 101.47786479940169],
      [279.4637119113577, 102.18333272951986],
      [281.77728531855973, 97.86207039197143],
      [285.52686980609724, 98.7440133346854],
      [285.44709141274507, 94.24582178144647],
      [285.92576177285446, 94.42223469554847],
      [287.6011080332428, 95.12787553672115],
      [287.2819944598341, 94.77505727909556],
      [285.7662049861501, 93.54015930864807],
      [284.96842105263204, 92.74626833798811],
      [283.77174515235674, 91.68771296216528],
      [285.7662049861501, 90.54090067481047],
      [286.2448753462595, 89.30582091254655],
      [288.7977839335181, 88.77648477463936],
      [289.03711911357095, 88.68826113754585],
      [289.11689750692676, 88.68826113754585],
      [291.510249307481, 94.95146694862979],
      [307.78504155124756, 90.01158727205984],
      [317.91689750692603, 82.24720411936505],
      [317.6775623268695, 85.51202987030956]
    ],
    [
      [404.7955678670369, 186.89062594003826],
      [406.2315789473723, 189.00074912915352],
      [404.2371191135753, 207.80927020035688],
      [405.9922437673122, 210.6207187010814],
      [403.12022160664856, 215.89145629394807],
      [409.422714681441, 221.2490665260184],
      [404.7955678670369, 227.92275100795814],
      [403.6786703601101, 234.50713468807044],
      [405.75290858725566, 241.9676504645513],
      [403.43933518005724, 247.4082433699159],
      [411.0182825484808, 252.58464686061689],
      [414.4487534626023, 251.1809664645225],
      [419.15567867036225, 256.0058372677531],
      [405.6731301939071, 277.92711263131605],
      [397.3761772853213, 286.8663168848989],
      [387.1645429362907, 292.7366762288366],
      [384.21274238227124, 291.68535423893536],
      [380.30360110803304, 301.7589876891934]
    ],
    [
      [380.30360110803304, 301.7589876891934],
      [380.30360110803304, 301.84656947285293],
      [371.129085872577, 304.12360497634927],
      [370.0121883656502, 299.13141375170835],
      [363.07146814404405, 296.32841120629564],
      [360.99722991689487, 288.00543296025444],
      [360.35900277008477, 287.30444364680625],
      [357.0083102493081, 287.3920682199787],
      [353.4182825484786, 288.88164623029843],
      [346.5573407202246, 287.479692533434],
      [341.690858725764, 291.072065822721],
      [345.12132963988915, 281.4330053438762],
      [351.9822714681468, 272.3168180822786],
      [350.2271468144063, 269.86197870558135],
      [346.6371191135768, 270.30035786618737],
      [342.3290858725777, 264.07476277792193],
      [329.08587257617546, 272.141479188007],
      [324.5385041551235, 268.63448238321143],
      [313.6886426592828, 268.63448238321143],
      [307.06703601108165, 271.96613925150996],
      [302.5994459833819, 269.3359151102759]
    ],
    [
      [302.5994459833819, 269.3359151102759],
      [310.577285318559, 262.14543822275937],
      [306.6681440443208, 245.4778257050366],
      [310.8166204986155, 231.25902348998443],
      [308.74238227146634, 231.3468150084518],
      [307.1468144044338, 224.58609877505842],
      [301.9612188365645, 220.98560041888777],
      [299.72742382271827, 223.35671006768644],
      [295.5789473684199, 219.84388656278406],
      [289.7551246537405, 225.81543590129058],
      [286.8831024930769, 224.7617215222408],
      [283.21329639889154, 219.40475399511524]
    ],
    [
      [380.30360110803304, 301.7589876891934],
      [380.6227146814381, 301.6714056465962],
      [379.26648199445845, 307.80152355440623],
      [383.8936288088662, 314.54318972153305],
      [384.6914127423843, 321.0207507521227],
      [388.5207756232703, 324.43403210587076],
      [386.36675900276896, 339.2203922279459],
      [377.990027700831, 342.5441247284698],
      [370.5706371191118, 352.51309907599534],
      [362.9119113573397, 357.6711726995236],
      [358.0454293628827, 372.87793505687296],
      [350.8653739612164, 378.20721189556025]
    ],
    [
      [350.8653739612164, 378.20721189556025],
      [347.036011080334, 372.52844113291667],
      [343.68531855955734, 372.09156798840013],
      [342.48864265928205, 362.2165329388945],
      [344.88199445983264, 345.34276982673236],
      [336.50526315789466, 333.8841510855027],
      [336.4254847645461, 333.70917616258794],
      [321.9855955678686, 329.0719657221998],
      [315.2044321329631, 337.5583868838894],
      [315.2842105263153, 338.170715433992],
      [315.603324099724, 343.33127022585177],
      [315.603324099724, 343.41872955323834],
      [314.8055401662059, 343.6811059953916],
      [313.4493074792226, 344.1183949326096],
      [313.20997229916975, 342.10681268949065],
      [312.4121883656517, 334.84649477365383]
    ],
    [
      [312.4121883656517, 334.84649477365383],
      [306.6681440443208, 325.396681607408],
      [306.10969529085924, 324.52154698533377],
      [300.6049861495849, 321.80846586909774],
      [298.8498614958444, 320.9332255608588],
      [298.53074792244297, 320.75817440464925],
      [289.2764542936311, 320.1454872337581],
      [286.00554016620663, 305.69991167763783],
      [280.10193905817505, 302.1968940181996],
      [302.5994459833819, 269.3359151102759]
    ],
    [
      [41.484764542939956, 355.9227730142229],
      [74.5927977839383, 362.30393693588576],
      [105.14792243767442, 357.408919272998],
      [125.1722991689785, 360.11876030541225],
      [135.3839335180055, 356.9718251105287]
    ],
    [
      [135.3839335180055, 356.9718251105287],
      [135.46371191136132, 360.11876030541225],
      [135.5434903047135, 368.50896757696955],
      [132.11301939058467, 369.12066143453467],
      [132.11301939058467, 371.47993487114036],
      [137.93684210526408, 378.20721189556025],
      [136.97950138504166, 385.0203159984203]
    ],
    [
      [136.97950138504166, 385.0203159984203],
      [126.36897506925379, 383.44819867104616],
      [120.14626038781353, 386.4176844210888],
      [114.0831024930776, 384.58362501047213],
      [110.09418282548359, 389.64884955134403],
      [98.44653739612477, 390.0854667952999],
      [98.44653739612477, 390.1727894816504],
      [98.3667590027726, 390.60939910145044],
      [96.93074792243715, 398.7291806691228],
      [97.64875346260669, 399.86402903097496],
      [98.20720221606825, 400.6496681732042],
      [98.76565096952982, 401.3479968345173],
      [103.15346260388105, 399.0783693461108],
      [103.39279778393393, 398.99107255735544],
      [106.42437673130553, 400.6496681732042],
      [108.57839335180324, 403.79201938447113],
      [107.46149584487648, 408.94127381510225],
      [107.46149584487648, 408.94127381510225],
      [107.46149584487648, 408.94127381510225],
      [100.52077562327031, 419.8478014435759],
      [93.26094182825545, 423.7731849631955],
      [85.8415512465399, 435.45908032765055],
      [80.73573407202275, 434.7615418989635],
      [79.61883656509599, 442.52075009427426],
      [75.78947368421359, 443.3052782400164],
      [76.42770083102732, 447.05329851646457],
      [62.38670360111064, 474.93098524023844],
      [58.47756232687243, 474.40851419375304],
      [57.60000000000218, 469.27040346029844],
      [51.297506925209746, 463.26032295957884],
      [51.217728531857574, 463.26032295957884],
      [39.01163434903356, 464.13142289260395],
      [40.04875346260815, 457.4233077818535],
      [32.31024930748026, 456.8134055158989],
      [32.31024930748026, 448.88355828005115],
      [31.831578947370872, 448.27348399204675],
      [26.965096952910244, 439.5567933590528],
      [32.31024930748026, 428.83181453577254],
      [32.54958448753678, 428.39575918940045],
      [31.991135734075215, 427.6980575270745],
      [29.119113573407958, 416.96886187389737],
      [28.72022160665074, 416.619880806099],
      [28.640443213302206, 416.27089569495],
      [28.002216066484834, 416.0091542079608],
      [21.619944598340226, 413.1298476944403],
      [13.801662049863808, 409.63940994728637],
      [14.040997229916684, 404.14114924297974],
      [12.92409972299356, 403.26831699459854],
      [12.764542936289217, 402.1335971833596],
      [6.781163434905466, 395.9355251115994],
      [4.7867036011084565, 391.65723627061107],
      [0.23933518005651422, 389.12490047110714],
      [0.23933518005651422, 389.2122259532689],
      [3.637978807091713e-12, 388.9502487442096],
      [1.8349030470926664, 386.06834842032004],
      [2.712465373962914, 385.1949906126665],
      [6.701385041553294, 386.06834842032004],
      [22.018836565097445, 366.6738109371163],
      [26.007756232691463, 364.75114507719536],
      [29.75734072022533, 366.5864197165547],
      [29.75734072022533, 366.5864197165547],
      [28.959556786703615, 364.4015561811493],
      [36.378947368422814, 361.6046978015156],
      [37.81495844875462, 361.0802577122049],
      [39.25096952908643, 358.4579191612311],
      [41.484764542939956, 355.9227730142229]
    ],
    [
      [235.50581717451496, 225.2007737849881],
      [227.20886426592915, 229.59093470126209],
      [238.85650969529524, 245.30232690233606],
      [237.26094182825545, 249.16305851458765],
      [239.65429362880968, 253.3741876488075],
      [232.23490304709048, 268.985200832587],
      [233.35180055401725, 272.3168180822786],
      [227.44819944598567, 274.5961288823455],
      [223.1401662049866, 269.7743020914313],
      [223.06038781163443, 269.86197870558135],
      [219.15124653739986, 272.8428285120999],
      [213.40720221606898, 272.0538093500436],
      [213.56675900277332, 273.3688295632264]
    ],
    [
      [213.56675900277332, 273.3688295632264],
      [206.70581717451932, 273.98248560397406],
      [205.98781163434978, 273.4564954933312],
      [201.99889196676304, 270.56338223461626],
      [200.9617728531848, 269.7743020914313],
      [194.97839335180106, 277.1382293988363],
      [187.79833795013838, 281.2577205926573],
      [183.01163434902992, 276.34932508335896],
      [174.07645429363038, 278.10241715354096],
      [173.51800554016882, 276.524638975633],
      [151.97783933518076, 276.7876078616755]
    ],
    [
      [151.97783933518076, 276.7876078616755],
      [145.2764542936311, 276.34932508335896],
      [141.12797783934002, 282.1341339471828]
    ],
    [
      [141.12797783934002, 282.1341339471828],
      [140.88864265927987, 273.6318265721047],
      [142.96288088642905, 265.21475881621336],
      [148.62714681440775, 257.5847140878441],
      [147.27091412742448, 253.98826027948235],
      [151.02049861495834, 246.8817783989807],
      [148.46759002769977, 245.7410719439422],
      [150.94072022160617, 242.05540995743104],
      [149.02603878116497, 241.5288490668654],
      [151.97783933518076, 240.65122660312954],
      [150.22271468144027, 237.14047441467937],
      [151.73850415512788, 231.08343966464417],
      [158.67922437673406, 224.7617215222408],
      [162.26925207756358, 211.67494220051503],
      [168.33240997230314, 207.89713205863245],
      [168.33240997230314, 203.06433754707177],
      [170.48642659279722, 203.15221367335016],
      [175.1933518005535, 193.92377612289602],
      [178.942936288091, 194.45119402168802],
      [177.66648199446354, 191.46236650464925],
      [184.20831024930885, 191.28654358329186],
      [187.7185595567862, 189.4403389025456],
      [190.27146814404477, 188.0336282951812],
      [191.62770083102805, 187.33024753487553],
      [189.39390581717817, 187.1543996926539],
      [188.35678670360358, 186.09929035821278],
      [190.11191135734043, 183.10960642360715],
      [190.11191135734043, 180.82317048498498],
      [190.27146814404477, 166.22092043237444],
      [192.82437673130335, 159.79712645607833],
      [204.87091412742666, 147.0333178448309],
      [206.46648199445917, 143.7754460519327],
      [215.242105263158, 133.55920155032982],
      [215.64099722991887, 133.2068529312137],
      [216.91745152354633, 153.63598895379982],
      [222.34238227146852, 158.47699279702556]
    ],
    [
      [312.4121883656517, 334.84649477365383],
      [308.58282548476564, 335.2839134370106],
      [300.12631578947185, 330.2094616078102],
      [295.1800554016627, 332.30933973961965],
      [288.47867036011303, 330.0344650723191],
      [277.78836565096935, 341.6694942319964],
      [276.4321329639897, 329.77196833859034],
      [272.36343490304716, 328.5469529471575],
      [273.799445983379, 321.63341987036074],
      [268.45429362880895, 318.39488281159447],
      [266.8587257617728, 320.4955957360653],
      [263.10914127423894, 316.7317130106585],
      [256.56731301939, 316.9943249627804],
      [254.65263157894879, 311.2163251830343]
    ],
    [
      [254.65263157894879, 311.2163251830343],
      [254.65263157894879, 311.2163251830343]
    ],
    [
      [254.65263157894879, 311.2163251830343],
      [237.34072022160763, 316.64417517704806],
      [216.03988919667972, 327.5844054512936],
      [213.16786703600883, 325.92175001316446]
    ],
    [
      [213.16786703600883, 325.92175001316446],
      [213.16786703600883, 325.92175001316446]
    ],
    [
      [213.16786703600883, 325.92175001316446],
      [218.35346260388178, 322.1585547724617],
      [211.97119113573353, 322.2460763537292],
      [199.92465373961386, 305.61234128252454],
      [206.54626038781134, 293.96317133454613],
      [215.5612188365667, 289.6702159738534],
      [213.56675900277332, 273.3688295632264]
    ],
    [
      [350.8653739612164, 378.20721189556025],
      [354.2958448753452, 383.36085640203146],
      [342.4088642659299, 384.4089468342563],
      [337.78171745152576, 389.12490047110714],
      [333.8725761772839, 401.26070663926566],
      [328.4476454293617, 404.57755586504936],
      [323.50138504155257, 404.22843107413973],
      [321.1878116343505, 401.3479968345173],
      [313.6088642659306, 407.45768074257194],
      [305.79058171745055, 408.2431214830476],
      [303.9556786703579, 413.3916142098624],
      [290.63268698061074, 409.20307676296034],
      [290.39335180055787, 408.94127381510225],
      [281.69750692520756, 400.8242518598554],
      [277.2299168975078, 399.340258190462],
      [276.59168975069406, 398.8164782188642],
      [279.3839335180055, 387.7276581831138],
      [276.9905817174513, 386.06834842032004],
      [278.90526315789975, 383.8849061987148],
      [275.87368421052815, 379.8669568974128],
      [283.21329639889154, 366.14945978247215],
      [285.44709141274507, 365.79988723737824],
      [281.05927977839383, 364.5763511402147],
      [283.8515235457089, 358.7201633762661],
      [282.49529085872564, 357.49633733774226],
      [286.165096952911, 354.08684313996673],
      [286.00554016620663, 354.08684313996673],
      [282.49529085872564, 352.51309907599534],
      [280.8997229916931, 351.81363062915625],
      [280.81994459834095, 351.81363062915625],
      [280.5806094182808, 351.7261959203961],
      [271.3263157894762, 363.7897657749527],
      [269.0925207756227, 365.0133340663306],
      [263.74736842105267, 371.3051802556656],
      [261.83268698061147, 373.5769106616399],
      [260.077562326871, 371.2178025651947],
      [259.35955678670507, 371.2178025651947],
      [247.4725761772861, 378.1198543479122],
      [245.5578947368449, 390.60939910145044],
      [238.45761772853075, 391.65723627061107],
      [224.09750692520902, 398.99107255735544],
      [215.72077562327104, 397.7688908783757],
      [207.90249307479462, 401.17341619047875],
      [203.9933518005564, 400.99883453226903],
      [199.92465373961386, 400.8242518598554],
      [198.56842105263422, 400.7369601433156],
      [196.17506925207636, 396.63396336212736],
      [193.86149584487794, 392.53040596506526],
      [193.46260387811344, 391.83187224180074],
      [194.26038781163516, 387.8149877329279],
      [194.34016620498733, 387.4656680080534]
    ],
    [
      [194.34016620498733, 387.4656680080534],
      [195.93573407202348, 379.25548259557854],
      [199.8448753462617, 372.2663180115205],
      [198.48864265928205, 367.63509750740377],
      [201.20110803324133, 360.46839930642],
      [199.60554016620517, 356.79698565403487],
      [213.0880886426603, 325.92175001316446],
      [213.16786703600883, 325.92175001316446]
    ],
    [
      [135.3839335180055, 356.9718251105287],
      [135.8626038781149, 356.62214517376924],
      [143.44155124653844, 351.37645452309425],
      [154.05207756232994, 322.9462397226871],
      [155.40831024930958, 313.1424501181964],
      [146.39335180055423, 303.86087904107353],
      [154.53074792243933, 286.8663168848989],
      [151.97783933518076, 276.7876078616755]
    ],
    [
      [194.34016620498733, 387.4656680080534],
      [191.70747922438022, 387.1163442146526],
      [188.75567867035716, 389.3868761550293],
      [186.76121883656378, 386.94168079216433],
      [183.17119113573426, 394.8878372760528],
      [175.91135734072304, 394.27666915605823],
      [170.5662049861494, 392.1811411356557],
      [172.7202216066471, 390.4347560159049],
      [170.64598337950156, 386.06834842032004],
      [166.65706371191482, 386.67968375109285],
      [162.3490304709121, 380.82781987198086],
      [160.11523545706586, 382.22538374321084],
      [154.371191135735, 376.54737491694414],
      [151.97783933518076, 378.1198543479122],
      [153.09473684210388, 382.5747645276306],
      [152.855401662051, 382.9241412392912],
      [147.66980609418533, 382.662109087355],
      [141.8459833795023, 386.94168079216433],
      [139.93130193905745, 386.50501778542366],
      [136.97950138504166, 385.0203159984203]
    ],
    [
      [41.484764542939956, 355.9227730142229],
      [43.63878116343767, 350.23976666606814],
      [44.75567867036443, 351.90106508171084],
      [47.86703601108093, 349.9774479328744],
      [48.18614958448961, 341.93188607675165],
      [52.49418282548504, 340.18256345797636],
      [53.93019390582049, 335.0214630103719],
      [56.16398891967037, 335.9837699288246],
      [65.09916897506992, 330.64694844233145],
      [66.77451523545824, 323.9964538429267],
      [71.56121883656306, 319.0076060978081],
      [76.58725761773167, 319.09513696381055],
      [81.13462603878361, 313.05490169749464],
      [86.95844875346666, 313.4050938304208],
      [84.24598337950374, 311.6540918312321],
      [79.53905817174746, 298.43068799330194],
      [95.33518005540463, 291.247292382036],
      [94.05872576177353, 288.88164623029843],
      [96.4520775623314, 287.830187190124],
      [99.00498614958633, 286.8663168848989],
      [99.00498614958633, 286.7786907532818],
      [99.0847645429385, 286.6910643619085],
      [98.52631578947694, 282.2217738524978],
      [100.36121883656597, 282.2217738524978],
      [100.839889196679, 282.30941349780824],
      [100.52077562327031, 283.0981586061289],
      [105.30747922437877, 298.0803188953814],
      [101.23878116343622, 312.0918520194791],
      [105.30747922437877, 322.3335976771741],
      [115.2797783933529, 310.4283289352761],
      [124.77340720221764, 313.75528183049573],
      [132.51191135733825, 303.5981507763772],
      [136.58060941828444, 303.24784279970754],
      [137.4581717451547, 300.4452298590604],
      [146.63268698061074, 295.27721682223273],
      [144.39889196676086, 285.11374489337413],
      [141.12797783934002, 282.1341339471828]
    ]
  ],
  "bbox": [3.637978807091713e-12, 13.069014759760648, 432, 474.93098524023844]
}
