{
  "type": "Topology",
  "objects": {
    "districts": {
      "type": "GeometryCollection",
      "geometries": [
        {
          "type": "Polygon",
          "arcs": [[0, 1, 2, 3, 4, 5, 6, 7, 8, 9, 10]],
          "properties": {
            "dt_code": "035",
            "district": "Gurdaspur",
            "st_code": "03",
            "year": "2011_c",
            "st_nm": "Punjab"
          }
        },
        {
          "type": "Polygon",
          "arcs": [[-3, 11, 12, 13, 14, 15, 16, 17, 18, 18, 19, 20, 21]],
          "properties": {
            "dt_code": "038",
            "district": "Hoshiarpur",
            "st_code": "03",
            "year": "2011_c",
            "st_nm": "Punjab"
          }
        },
        {
          "type": "Polygon",
          "arcs": [[-10, 8, -8, 6, 22, 23, 24]],
          "properties": {
            "dt_code": "049",
            "district": "Amritsar",
            "st_code": "03",
            "year": "2011_c",
            "st_nm": "Punjab"
          }
        },
        {
          "type": "Polygon",
          "arcs": [[-17, 25, 26, 27, 28, 29, 30, 31, 32, 33, 34]],
          "properties": {
            "dt_code": "037",
            "district": "Jalandhar",
            "st_code": "03",
            "year": "2011_c",
            "st_nm": "Punjab"
          }
        },
        {
          "type": "Polygon",
          "arcs": [[-24, 35, 36, 37, 38]],
          "properties": {
            "dt_code": "050",
            "district": "Tarn Taran",
            "st_code": "03",
            "year": "2011_c",
            "st_nm": "Punjab"
          }
        },
        {
          "type": "Polygon",
          "arcs": [[-14, 39, 40, 41, 42, 43], [44]],
          "properties": {
            "dt_code": "051",
            "district": "Rupnagar",
            "st_code": "03",
            "year": "2011_c",
            "st_nm": "Punjab"
          }
        },
        {
          "type": "Polygon",
          "arcs": [[-15, -44, 45, 46, 47, -29, 48]],
          "properties": {
            "dt_code": "039",
            "district": "Shahid Bhagat Singh Nagar",
            "st_code": "03",
            "year": "2011_c",
            "st_nm": "Punjab"
          }
        },
        {
          "type": "Polygon",
          "arcs": [[49, 50, 51]],
          "properties": {
            "dt_code": "701",
            "district": "Fazilka",
            "st_code": "03",
            "year": "update2014",
            "st_nm": "Punjab"
          }
        },
        {
          "type": "Polygon",
          "arcs": [[-31, 52, 53, 54, 55, 56]],
          "properties": {
            "dt_code": "042",
            "district": "Moga",
            "st_code": "03",
            "year": "2011_c",
            "st_nm": "Punjab"
          }
        },
        {
          "type": "Polygon",
          "arcs": [[-30, -48, 46, -46, -43, 57, 58, 59, 60, 61, 62, 63, -53]],
          "properties": {
            "dt_code": "041",
            "district": "Ludhiana",
            "st_code": "03",
            "year": "2011_c",
            "st_nm": "Punjab"
          }
        },
        {
          "type": "MultiPolygon",
          "arcs": [[[-41, 64, 65, 66, 67, 68]], [[-45]]],
          "properties": {
            "dt_code": "052",
            "district": "S.A.S. Nagar",
            "st_code": "03",
            "year": "2011_c",
            "st_nm": "Punjab"
          }
        },
        {
          "type": "Polygon",
          "arcs": [[-56, 69, 70, 71, 72, 73, 74]],
          "properties": {
            "dt_code": "045",
            "district": "Faridkot",
            "st_code": "03",
            "year": "2011_c",
            "st_nm": "Punjab"
          }
        },
        {
          "type": "Polygon",
          "arcs": [[-42, -69, 67, -67, 75, 76, 77, 78, -58]],
          "properties": {
            "dt_code": "040",
            "district": "Fatehgarh Sahib",
            "st_code": "03",
            "year": "2011_c",
            "st_nm": "Punjab"
          }
        },
        {
          "type": "Polygon",
          "arcs": [[-52, 79, -74, 72, -72, 70, 70, 80, 81]],
          "properties": {
            "dt_code": "044",
            "district": "Sri Muktsar Sahib",
            "st_code": "03",
            "year": "2011_c",
            "st_nm": "Punjab"
          }
        },
        {
          "type": "Polygon",
          "arcs": [[-61, 59, -59, -79, 82, 83, 84, 85]],
          "properties": {
            "dt_code": "053",
            "district": "Sangrur",
            "st_code": "03",
            "year": "2011_c",
            "st_nm": "Punjab"
          }
        },
        {
          "type": "Polygon",
          "arcs": [[-54, -64, 62, -62, -86, 86, 87, 88, 89]],
          "properties": {
            "dt_code": "054",
            "district": "Barnala",
            "st_code": "03",
            "year": "2011_c",
            "st_nm": "Punjab"
          }
        },
        {
          "type": "Polygon",
          "arcs": [[-55, -90, 88, -88, 90, 91, 92, 93, -81, 70, -70]],
          "properties": {
            "dt_code": "046",
            "district": "Bathinda",
            "st_code": "03",
            "year": "2011_c",
            "st_nm": "Punjab"
          }
        },
        {
          "type": "Polygon",
          "arcs": [[-66, 94, -83, -78, 76, -76]],
          "properties": {
            "dt_code": "048",
            "district": "Patiala",
            "st_code": "03",
            "year": "2011_c",
            "st_nm": "Punjab"
          }
        },
        {
          "type": "Polygon",
          "arcs": [[-85, 95, -93, 91, -91, -87]],
          "properties": {
            "dt_code": "047",
            "district": "Mansa",
            "st_code": "03",
            "year": "2011_c",
            "st_nm": "Punjab"
          }
        },
        {
          "type": "Polygon",
          "arcs": [[-34, 32, -32, -57, -75, -80, -51, 96, -38, 36, 97]],
          "properties": {
            "dt_code": "043",
            "district": "Ferozepur",
            "st_code": "03",
            "year": "2011_c",
            "st_nm": "Punjab"
          }
        },
        {
          "type": "Polygon",
          "arcs": [[-1, 98]],
          "properties": {
            "dt_code": "773",
            "district": "Pathankot",
            "st_code": "03",
            "year": "2011_c",
            "st_nm": "Punjab"
          }
        },
        {
          "type": "MultiPolygon",
          "arcs": [
            [[-16, -49, -28, 26, -26]],
            [[-6, 4, -4, -22, 20, -20, 18, 18, -18, -35, -98, -36, -23]]
          ],
          "properties": {
            "dt_code": "036",
            "district": "Kapurthala",
            "st_code": "03",
            "year": "2011_c",
            "st_nm": "Punjab"
          }
        }
      ]
    }
  },
  "arcs": [
    [
      [211.82131309292708, 54.58908632589737],
      [214.835447911144, 53.42202774719863],
      [217.66690789188942, 57.775596155081985],
      [220.68104271010452, 57.326832489080516],
      [219.5849936852992, 60.288427220069025],
      [226.11561912476463, 58.493590387693985],
      [229.6777784553833, 60.91656992426488],
      [234.92968003257556, 60.82683684510903],
      [236.07139776674921, 62.890563368286166],
      [241.1406245064736, 61.58955109586077],
      [240.4555938659705, 67.19656694378136],
      [242.09966740317577, 66.52383440721405],
      [242.92170417178022, 69.30426922794322],
      [243.01304159051324, 69.57331654959671]
    ],
    [
      [243.01304159051324, 69.57331654959671],
      [242.60202320621283, 71.41167904616668]
    ],
    [
      [242.60202320621283, 71.41167904616668],
      [239.95323806293345, 72.89117510417327],
      [239.7705632254656, 72.93600606939071],
      [239.72489451609908, 73.11532860772786],
      [237.1217780821862, 79.25584900143258],
      [233.60528746093405, 79.88320783105337],
      [237.0304406634532, 84.94594321691238],
      [233.19426907663183, 94.79777142145122],
      [238.53750807255892, 105.85111065635374],
      [238.62884549129558, 109.16108082500341],
      [235.56904196371033, 110.14498782625378],
      [238.35483323509288, 118.05866512383636],
      [236.20840389484874, 122.125687232362],
      [232.96592552979928, 121.18723949997457],
      [234.83834261384072, 126.45967644513803],
      [227.9880362088079, 135.1239827939562],
      [225.20224493742717, 143.0247834051097],
      [225.33925106552852, 143.06940916208532]
    ],
    [
      [225.33925106552852, 143.06940916208532],
      [224.3345394594562, 145.30053193666026],
      [224.3345394594562, 145.34515109143194]
    ],
    [
      [224.3345394594562, 145.34515109143194],
      [224.3345394594562, 145.34515109143194]
    ],
    [
      [224.3345394594562, 145.34515109143194],
      [218.35193853239252, 146.7728957253803],
      [215.33780371418106, 152.3933531733319]
    ],
    [
      [215.33780371418106, 152.3933531733319],
      [215.33780371418106, 152.3933531733319]
    ],
    [
      [215.33780371418106, 152.3933531733319],
      [210.90793890558962, 147.26365234818877],
      [206.1127244220679, 144.54198650411672],
      [204.46865088485902, 145.4790077793059],
      [200.95216026360868, 142.57851871254115],
      [202.50489638208091, 140.21309957059566],
      [198.44038124843064, 137.80267543410991],
      [198.53171866716184, 135.07933395850614],
      [190.44835710922416, 137.40090131435863],
      [188.39326518771486, 133.87376632725227],
      [185.69881133506715, 132.9806922359685],
      [187.11454132544168, 131.06040698235756],
      [186.70352294113763, 130.39048350467874],
      [186.10982971936937, 129.49720670231454],
      [185.2421242413966, 128.1125248659946],
      [185.05944940393056, 128.0678556289431],
      [180.26423492040703, 127.04042726983607],
      [178.75716751129767, 125.03004223945754],
      [173.18558496853984, 125.70019987080468],
      [172.4548856186684, 124.13645315878694],
      [174.00762173714247, 121.45537328872797],
      [174.0989591558773, 121.27661795095537],
      [170.0344440222234, 119.53364409175902],
      [168.52737661311585, 117.2093703576229],
      [168.344701775648, 116.98586390483888],
      [164.0061743857932, 117.7904718657619],
      [161.72273891744953, 115.46593348087845],
      [162.3621008485843, 114.43765966313458],
      [160.2613402177085, 114.84003590655902],
      [160.17000279897547, 114.79532795750492],
      [158.48026055240007, 112.78333504767033],
      [157.11019927139205, 112.87276257297435],
      [154.05039574381226, 113.05161605544981],
      [153.04568413774177, 109.29525368965278],
      [150.2142241569909, 108.17711050414528],
      [150.5795738319266, 106.56684062097065],
      [146.65206482637404, 105.09061083571942],
      [147.0630832106781, 102.85362722414902],
      [145.23633483600315, 102.54042337439932],
      [145.19066612663482, 102.40619118682025],
      [142.99856807702417, 96.90165512551721],
      [145.37334096410268, 95.82736778439721],
      [149.75753706332398, 94.79777142145122],
      [154.41574541874797, 91.66378950705803]
    ],
    [
      [154.41574541874797, 91.66378950705803],
      [154.41574541874797, 91.66378950705803]
    ],
    [
      [154.41574541874797, 91.66378950705803],
      [154.46141412811266, 91.30557912440145],
      [154.68975767494885, 89.29048884860458],
      [154.598420256214, 89.29048884860458],
      [149.84887448205882, 91.26080223470763],
      [146.74340224510888, 89.15614002291386],
      [147.24575804814594, 84.63237135707277],
      [149.30084996965343, 83.10921616813721],
      [149.30084996965343, 83.06441517904659],
      [147.51977030434682, 78.53883580066758],
      [146.24104644207364, 77.82178879968433]
    ],
    [
      [146.24104644207364, 77.82178879968433],
      [145.5103470922022, 76.5220549359492],
      [147.7937825605477, 74.05673722192114],
      [154.73542638431536, 76.16348811247917],
      [154.41574541874797, 78.00105371910104],
      [160.12433408960896, 79.12141160057581],
      [161.44872666124684, 76.97025157532971],
      [164.14318051389637, 77.95623768733003],
      [168.07068951944711, 73.87742579102905],
      [170.21711885969125, 75.0877369020418],
      [171.22183046576356, 73.11532860772786],
      [173.18558496853984, 75.31185801474203],
      [175.69736398371788, 71.50134957501632],
      [180.58391588597624, 71.45651437674951],
      [182.91302006368642, 73.83259760276815],
      [186.33817326620192, 71.27717226053028],
      [186.931866487972, 65.08857200927014],
      [188.75861486264876, 64.9091546660784],
      [189.9003325968206, 68.7213170127734],
      [191.5444061340295, 67.86926967214185],
      [190.99638162162773, 69.84235910532152],
      [195.28924030211238, 68.048652032865],
      [195.42624643021372, 66.43413448317006],
      [197.75535060792754, 65.44740033266498],
      [198.62305608589668, 59.83973792964389],
      [200.58681058867296, 59.52564752648141],
      [203.82928895372243, 55.17258190260327],
      [202.0938779977805, 52.65890236465293],
      [202.9615834757533, 50.45909048874273],
      [205.47336249093132, 50.27949989853278],
      [211.82131309292708, 54.58908632589737]
    ],
    [
      [242.60202320621283, 71.41167904616668],
      [242.1453361125441, 73.38430844787399],
      [243.01304159051324, 73.29464903012558],
      [250.00035412365105, 72.3083605204929],
      [250.6853847641505, 72.21869475430776],
      [251.59875895149162, 72.53252262111255],
      [260.2758137311994, 79.56953165003051],
      [264.1119853180171, 78.80771971152808],
      [268.22216916103935, 84.2739956097339],
      [270.91662301368524, 85.93141274170557],
      [271.1906352698861, 86.11058216789934],
      [272.65203396962715, 87.05118707812107],
      [280.68972681820014, 89.55918294662479],
      [286.6266590358955, 93.32040305559076],
      [293.6139715690297, 108.80328076281876],
      [296.53676896851175, 114.61649485521411],
      [297.3588057371144, 115.24240157116492],
      [296.9934560621805, 115.51063947108105],
      [296.7194438059778, 115.73416746347175],
      [296.21708800294437, 116.0918054618769],
      [294.6643518844685, 114.34824128339369],
      [290.3258244946137, 115.68946212613719],
      [293.659640278398, 121.36599588053468],
      [300.5099466834308, 142.53389153096396],
      [301.83433925507234, 143.24791089503015],
      [301.7430018363357, 146.01442288486305],
      [305.7161795512566, 150.7877175390622],
      [306.99490341352976, 150.43088688440093],
      [307.1319095416293, 153.73125502133735],
      [316.2656514150076, 168.262307932363],
      [315.71762690260584, 170.66797194881838],
      [317.6357126960156, 172.6278657321318],
      [318.00106237095133, 175.7898976883307],
      [322.9789516919391, 182.77970240856666],
      [322.9789516919391, 185.0050923777926],
      [320.0561542924588, 187.89762145675195],
      [320.0104855830941, 188.56505149533314],
      [320.23882912992667, 191.5903739625419],
      [320.6955162235954, 192.302128765602],
      [324.44035039168193, 194.1703297398717],
      [324.57735651978146, 199.72912123831793],
      [324.6686939385163, 199.81804572611327],
      [327.45448520989703, 200.4849631550651],
      [337.1362515956771, 198.70645302612593],
      [338.04962578301456, 200.7072626008303],
      [340.01338028579266, 199.72912123831793]
    ],
    [
      [340.01338028579266, 199.72912123831793],
      [340.01338028579266, 199.72912123831793]
    ],
    [
      [340.01338028579266, 199.72912123831793],
      [339.9220428670578, 200.44050288410563],
      [339.830705448323, 201.32968412361333],
      [342.9361776852711, 202.39663442979054],
      [342.70783413843856, 204.57476383617723],
      [345.6763002472835, 206.44148897548166],
      [347.000692818925, 209.0189791042776],
      [348.0054044249973, 210.97403156464406],
      [348.23374797182987, 211.41832740965492],
      [345.76763766602016, 213.55077091925796]
    ],
    [
      [345.76763766602016, 213.55077091925796],
      [344.03222671007643, 215.01665639393013],
      [332.52371194962143, 210.08540181248281],
      [332.88906162455714, 212.97326298325333],
      [330.87963841241253, 217.63713808161356],
      [332.56938065898794, 216.2159145968435],
      [333.89377323062763, 217.9480134344367],
      [332.29536840278706, 219.6799197134369],
      [328.59620294406704, 218.79178669501744],
      [326.81512327876044, 220.03515874829463],
      [328.8245464909014, 227.67084091287688],
      [323.20729523877526, 228.15904228411728],
      [321.243540735999, 227.09385596439643],
      [321.19787202663247, 225.09643559488904],
      [318.5490868833531, 226.07298417073252],
      [317.49870656791245, 222.38841287623927],
      [315.67195819323933, 222.74359019146323],
      [315.626289483871, 222.78798678697513],
      [315.1239336808376, 222.25521929699335],
      [312.9775043405898, 220.16837129873875],
      [312.42947982818805, 219.5911086894239],
      [312.2924737000867, 218.83619454821837],
      [311.2877620940162, 213.1065359471395],
      [306.1728666449253, 215.1054935022894],
      [306.94923470416325, 213.01768743133835],
      [303.1587318267102, 210.35199606740298],
      [302.7933821517745, 207.59696841470668],
      [300.0989282991286, 209.77436940765983],
      [299.7335786241929, 210.04096899251363],
      [298.27217992445367, 207.68584789216402],
      [292.60925996295737, 208.21911408984397],
      [291.14786126321815, 205.15258366778107],
      [289.50378772601107, 206.04149531576877],
      [287.3116896763986, 203.46351146971483],
      [285.2565977548893, 204.30807051475495],
      [283.79519905514826, 204.88590026081965]
    ],
    [
      [283.79519905514826, 204.88590026081965],
      [283.70386163641524, 204.93034781305778],
      [282.6078126116099, 202.4855436478174],
      [280.1873710151631, 203.86357147556555],
      [278.9086471528899, 202.6633605575571],
      [279.04565328099125, 202.3521796299774],
      [281.10074520250237, 196.79432739512595],
      [282.37946906477555, 197.150089532498],
      [285.9872971047607, 193.45866066078634],
      [283.8865364738813, 194.1703297398717],
      [282.15112551793936, 191.81280084758782],
      [279.0913219903596, 192.65799391826476],
      [278.08661038428727, 188.8765090109382],
      [275.25515040354003, 189.3214374628924],
      [275.8031749159436, 190.5671691959078],
      [274.1591013787347, 191.45691630014517],
      [271.3276413979893, 188.92100243084678],
      [269.3638868952112, 190.21125605764792]
    ],
    [
      [269.3638868952112, 190.21125605764792],
      [269.13554334837863, 189.49940526789487],
      [269.0898746390103, 189.5438968999033],
      [268.4048439985072, 187.31915883825513],
      [273.97642654126685, 183.62538826820128],
      [271.00796043241826, 175.4781767916238],
      [269.4095556045777, 175.7453665163539],
      [269.22688076710983, 175.7898976883307],
      [268.0394943235715, 172.53878504284148],
      [262.0568933965078, 168.70782953466733],
      [261.6458750122074, 165.05417290414061],
      [257.3530163317191, 163.04874990010921],
      [257.49002245981865, 158.6359015474418],
      [256.3483047256468, 158.903382846167],
      [254.38455022287053, 155.6041224454657],
      [252.6491392669268, 150.20786352591858],
      [252.19245217325988, 150.0294425131815],
      [249.95468541428272, 150.16325846657037],
      [248.44761800517517, 148.37895011203454],
      [246.39252608366587, 150.74311415943794],
      [242.73902933431418, 150.47549116845767]
    ],
    [
      [242.73902933431418, 150.47549116845767],
      [239.54221967863305, 150.25246845605034]
    ],
    [
      [239.54221967863305, 150.25246845605034],
      [239.54221967863305, 150.25246845605034]
    ],
    [
      [239.54221967863305, 150.25246845605034],
      [239.17687000369733, 148.42356034162003],
      [238.26349581635986, 149.53877406657284],
      [238.99419516622947, 145.4790077793059],
      [235.98006034801438, 145.74671766117535],
      [233.422612623468, 143.29253600453012]
    ],
    [
      [233.422612623468, 143.29253600453012],
      [233.422612623468, 143.29253600453012]
    ],
    [
      [233.422612623468, 143.29253600453012],
      [233.331275204735, 143.56028394232362],
      [232.46356972676404, 145.56824492419491],
      [232.3265635986627, 145.92518832785026],
      [225.33925106552852, 143.06940916208532]
    ],
    [
      [215.33780371418106, 152.3933531733319],
      [214.15041727063908, 154.57853276728474],
      [209.40087149648207, 156.36212312556654],
      [208.4418285997799, 157.25384090935495],
      [205.88438087523355, 159.43833152475418],
      [199.30808672639978, 169.3315381900975]
    ],
    [
      [199.30808672639978, 169.3315381900975],
      [193.6908354742718, 167.46033666043422],
      [190.53969452795718, 169.28698840700963],
      [185.8814861725332, 167.90588139728516],
      [183.5067132854565, 162.9596139401092],
      [181.1776091077445, 166.0790662753252],
      [177.8437933239602, 166.48009298752095],
      [175.97137623991875, 168.6632779527181],
      [173.13991625917333, 164.02921148087535],
      [168.344701775648, 163.13788534522882],
      [165.19356082933336, 165.05417290414061],
      [163.45814987339145, 163.40528859141796],
      [159.62197828657008, 163.67268720415905],
      [157.33854281822823, 167.14844769604952],
      [155.8771441184872, 163.44985534863008],
      [151.72129156610026, 168.3959657624182],
      [149.57486222585612, 163.98464639669146],
      [144.50563548613172, 163.9400811838268],
      [144.18595452056252, 159.1708595051441],
      [136.51361134692706, 162.73677178740945],
      [133.45380781934182, 161.8007995994558],
      [132.90578330694188, 158.54674008340953],
      [129.43496139505987, 156.18377337818038],
      [126.46649528620947, 158.05634281484163],
      [120.30121952167974, 157.38759412794843],
      [117.10440986599679, 161.35507859932295],
      [113.35957569791208, 159.57206579490776],
      [111.66983345133485, 162.46935695595766],
      [109.02104830805911, 161.17678659334524],
      [104.49984608073646, 166.8811092841279],
      [104.04315898706591, 167.9949888022129],
      [103.63214060276368, 167.95043516401165]
    ],
    [
      [103.63214060276368, 167.95043516401165],
      [98.6085825724058, 167.72766504502488],
      [100.25265610961469, 167.1930036480626],
      [99.84163772531247, 164.43029144799766],
      [103.86048414959987, 163.36072170549596],
      [104.72818962757083, 159.34917470034816],
      [102.9927786716271, 157.56592994757466],
      [104.31717124326678, 156.45129722536785],
      [100.93768675011779, 155.6487117527622],
      [98.6085825724058, 150.69851065061903],
      [95.77712259165855, 150.0294425131815],
      [93.67636196078092, 141.41816989326708],
      [92.03228842357385, 140.3470009384455],
      [92.8999939015448, 138.5169145959071],
      [88.24178554612263, 135.5258164718516],
      [86.32369975271286, 131.4176875464109],
      [88.37879167422216, 130.0778425392764],
      [88.5157978023235, 128.1125248659946],
      [96.37081581343045, 125.20875380537927],
      [95.2290980792568, 121.72350238512354],
      [97.46686483823396, 118.81852051480746],
      [96.14247226659427, 117.4328735476629],
      [98.28890160683841, 115.60005105975415],
      [98.15189547873706, 111.75488093160857],
      [102.9927786716271, 106.87996194039897],
      [103.17545350909495, 103.3457917262931],
      [107.23996864274886, 104.33007316025396],
      [111.4414899045023, 97.93110952194274],
      [118.8398208219387, 97.7073209957016],
      [118.93115824067172, 94.79777142145122],
      [124.04605368976263, 94.39486696906533],
      [123.95471627103143, 92.38018502257728],
      [125.78146464570636, 93.76810555288921],
      [131.07903493226695, 91.21602521348632],
      [132.90578330694188, 91.9324417704147],
      [134.3671820066793, 85.0803291801185],
      [137.74666649983192, 82.84040825576358],
      [137.06163585932882, 81.67551910924885],
      [139.48207745577383, 81.18265455189703],
      [139.07105907147343, 80.15206798186955],
      [139.93876454944257, 81.40668587492019],
      [141.4915006679148, 79.74877597395152],
      [139.9844332588109, 77.95623768733003],
      [143.08990549575537, 75.98420152977724],
      [146.24104644207364, 77.82178879968433]
    ],
    [
      [269.3638868952112, 190.21125605764792],
      [269.455224313946, 190.5671691959078],
      [266.1214085301617, 192.34661235622116],
      [264.797015958522, 196.21619652945083],
      [262.55924919954487, 197.32796754351148],
      [262.4222430714435, 197.10561971124935],
      [260.9608443717043, 193.94793665966517],
      [257.3530163317191, 193.6365809913168],
      [257.17034149425126, 193.77001990007648],
      [260.13880760309803, 198.17286026216425],
      [254.6128937697049, 198.35072655444947],
      [257.58135987855167, 203.24125146048573],
      [253.79085700110045, 202.2632696487517],
      [253.1971637793322, 205.99705094053206],
      [254.5672250603384, 208.48574033189834],
      [252.83181410439647, 209.10785045571993],
      [254.06486925730314, 209.77436940765983],
      [252.78614539502996, 211.10732165018726],
      [254.6585624790714, 212.3068810460927],
      [256.75932310995086, 209.81880298907527],
      [256.85066052868206, 209.72993569932623],
      [257.0333353661499, 210.12983450554657],
      [258.7230776127253, 214.03941474683234],
      [255.11524957274196, 217.9480134344367]
    ],
    [
      [255.11524957274196, 217.9480134344367],
      [255.11524957274196, 217.9480134344367]
    ],
    [
      [255.11524957274196, 217.9480134344367],
      [258.0380469722222, 222.96557190490876],
      [267.17178884560053, 223.0099678683664],
      [267.8111507767371, 221.2340307154127],
      [267.6741446486358, 219.14704597686432],
      [270.7796168855839, 214.70572252313286],
      [270.8252855949504, 214.70572252313286]
    ],
    [
      [270.8252855949504, 214.70572252313286],
      [269.4095556045777, 217.59272681049242],
      [278.31495393112164, 220.16837129873875],
      [281.32908874933673, 223.49831512403034],
      [283.15583712400985, 222.92117581503862],
      [283.15583712400985, 225.6734944149548],
      [284.8912480799536, 224.69692082883648],
      [286.9463400014647, 233.92753877400082],
      [288.910094504241, 234.77044829874376],
      [290.46283062271505, 240.0486899926027],
      [291.51321093815386, 240.58085076988482],
      [292.24391028802165, 246.30043625240796],
      [292.56359125359086, 248.56109141110755]
    ],
    [
      [292.56359125359086, 248.56109141110755],
      [286.672327745262, 247.58594685739263],
      [285.9416283953924, 247.49729434161964],
      [284.9369167893219, 249.44753377987035],
      [280.5527206900988, 248.91567437837693],
      [271.55598494482183, 251.04300365582003],
      [270.7339481762192, 251.13163610776792],
      [268.95286851090896, 250.3782442852962],
      [263.6096295149837, 248.1621759776708],
      [245.06813351202436, 254.8094409250334],
      [243.42405997481728, 255.1195777868379],
      [242.09966740317577, 255.38540450073288],
      [234.88401132320723, 254.18914879803015],
      [234.0619745546046, 255.78413612289842],
      [230.91083360828816, 254.14484127849028],
      [226.2982939622325, 255.51831616789605],
      [225.15657622806066, 253.39159428707444],
      [223.51250269085176, 254.4106845175802],
      [222.37078495667993, 253.03711259082593],
      [219.99601206960142, 253.25866459035387],
      [215.97716564531584, 253.70175919599296],
      [214.60710436430963, 250.91005403788859],
      [214.4700982362083, 250.95437070253138],
      [214.37876081747527, 250.82142033258242],
      [211.91265051166192, 251.35321504441526],
      [211.1819511617923, 250.51119841566742],
      [209.49220891521873, 251.04300365582003],
      [208.98985311218166, 251.22026805840687]
    ],
    [
      [208.98985311218166, 251.22026805840687],
      [208.89851569344683, 250.3782442852962],
      [208.85284698408032, 250.33392599112358],
      [206.52374280637014, 252.2394994628512],
      [204.55998830359385, 248.60541472099703],
      [199.94744865753637, 247.8075759512103],
      [198.07503157349493, 243.3300597535699],
      [194.14752256794054, 242.9310110018414],
      [194.42153482414324, 245.32515089959816],
      [190.81370678415806, 244.12812673080043],
      [187.11454132544168, 246.92104075536736],
      [187.52555970974208, 241.33471421199647],
      [183.5980507041877, 240.5365047300129],
      [182.91302006368642, 240.3591193131715],
      [184.2374126353261, 237.47632423793493],
      [181.31461523584585, 235.52459196256405],
      [178.93984234876734, 236.1456241241085],
      [179.21385460497004, 235.16970536049303]
    ],
    [
      [179.21385460497004, 235.16970536049303],
      [179.39652944243608, 234.54863441165435],
      [176.1540510773848, 230.33357198897465],
      [169.25807596298546, 228.15904228411728]
    ],
    [
      [169.25807596298546, 228.15904228411728],
      [169.25807596298546, 228.15904228411728]
    ],
    [
      [169.25807596298546, 228.15904228411728],
      [169.25807596298546, 228.07027953437319],
      [169.48641950981983, 225.93982205545944]
    ],
    [
      [169.48641950981983, 225.93982205545944],
      [169.80610047538903, 225.93982205545944],
      [169.94310660349038, 225.40716222752417],
      [173.0485788404385, 225.45155124120083],
      [174.23596528397684, 224.3861800468785],
      [176.10838236802192, 222.38841287623927],
      [176.473732042954, 222.4328104831293],
      [184.37441876342746, 223.0987594160697],
      [187.29721616290772, 219.81313530046373],
      [189.76332646872106, 221.18962969432778],
      [190.8593754935264, 225.14082549279829],
      [196.43095803628603, 225.89543443112143],
      [197.39000093299182, 219.41348512293916],
      [199.94744865753637, 218.74737871524758],
      [200.86082284487384, 216.30474486405546],
      [203.55527669752155, 216.17149927323862],
      [206.93476119067054, 212.08474739314806],
      [209.62921504331644, 213.0621117526316],
      [210.22290826508652, 210.79630967442972],
      [211.455963417995, 212.2624545691433],
      [213.23704308330161, 210.04096899251363],
      [217.25588950758902, 209.15228594103428],
      [217.9865888574568, 212.4845856857337],
      [220.36136174453713, 210.57415445695915],
      [223.32982785338572, 211.50718505639452],
      [224.88256397185796, 208.48574033189834],
      [223.6038401095866, 204.17472213788824],
      [220.04168077896975, 202.61890652090733],
      [220.77238012883936, 199.81804572611327],
      [219.5393249759345, 197.9505245311684],
      [224.38020816882454, 196.79432739512595],
      [226.2982939622325, 190.25574564675298],
      [223.32982785338572, 190.83409868805302],
      [222.5991285035143, 189.00998888750837],
      [225.9786129966651, 188.96549572303866],
      [227.53134911513916, 186.87417289871973],
      [224.88256397185796, 185.09410132590529],
      [223.23849043465088, 187.45265212831873],
      [219.9046746508684, 186.87417289871973],
      [219.9503433602331, 180.10881217230417],
      [222.18811011921207, 179.53005853649847],
      [221.82276044427817, 177.12577323016012],
      [222.9188094690835, 178.1943906041779],
      [224.10619591262184, 176.68049420265197],
      [222.87314075971517, 172.36062212402248],
      [221.04639238504024, 172.31608107342527],
      [220.54403658200317, 168.75238098811042],
      [225.20224493742717, 168.48507033988517],
      [227.44001169640433, 172.67240588425284],
      [230.63682135208728, 174.5875110317529],
      [230.0431281303172, 171.15796869803853],
      [231.59586424879126, 167.90588139728516],
      [230.54548393335426, 165.00961077922057],
      [234.33598681080548, 165.18785850704535],
      [234.51866164827152, 163.18245287470927],
      [232.28089488929618, 160.64189821078708],
      [238.35483323509288, 161.84537099120735],
      [238.62884549129558, 161.6670846515708],
      [239.99890677229996, 157.52134618607488],
      [242.32801095001014, 158.76964277679326],
      [243.2413851373476, 157.43217827626358],
      [241.7799864376084, 155.42576392614956],
      [242.19100482191243, 153.64206517964794],
      [243.28705384671593, 153.99882144846833],
      [243.33272255608426, 153.95422736663932],
      [243.28705384671593, 153.86503881575482],
      [242.73902933431418, 150.47549116845767]
    ],
    [
      [199.30808672639978, 169.3315381900975],
      [197.61834447982437, 170.84615438272704],
      [192.64045515883663, 175.25551516113865],
      [191.49873742466116, 174.5875110317529],
      [190.03733872492194, 180.77657793680828],
      [188.5759400251809, 180.77657793680828],
      [187.98224680341082, 178.59510309035522],
      [185.37913036949976, 178.90676118271676],
      [184.64843101962833, 181.93397035688122],
      [185.79014875380017, 183.04676609080252],
      [181.40595265457887, 187.18566439816368],
      [180.40124104850656, 190.12227649643228],
      [181.54295878268022, 191.5014023152262],
      [178.98551105813567, 194.79301340555412],
      [179.21385460497004, 197.55031219093325],
      [177.34143752092677, 199.15109965516422],
      [173.45959722474072, 198.08392635186283],
      [171.54151143133095, 203.50796309008],
      [173.0485788404385, 204.2191717239739],
      [169.98877531285507, 205.19703045744427],
      [169.80610047538903, 209.15228594103428],
      [166.7462969478056, 212.2624545691433],
      [165.05655470123384, 218.8806022748504],
      [165.0108859918655, 218.96941734842676],
      [163.73216212959414, 219.63551426469985],
      [153.45670252204036, 225.00765542008594]
    ],
    [
      [153.45670252204036, 225.00765542008594],
      [153.45670252204036, 225.00765542008594]
    ],
    [
      [153.45670252204036, 225.00765542008594],
      [144.048948392463, 223.80907359693083],
      [136.46794263755874, 228.46970793273522],
      [132.2664213758053, 227.5820753863154],
      [130.48534171049505, 228.95788431594428],
      [130.302666873029, 231.35416516200985],
      [128.70426204518844, 228.86912610920353],
      [122.03663047761984, 230.7329424796635],
      [121.99096176825515, 233.17331801594173],
      [119.06816436877489, 233.52824996756408],
      [117.24141599409813, 238.40774692152172]
    ],
    [
      [117.24141599409813, 238.40774692152172],
      [114.86664310702145, 236.85534494961485],
      [116.5107166442267, 235.16970536049303],
      [114.63829956018344, 229.17977762470855],
      [111.4414899045023, 229.80106210944905],
      [110.39110958906167, 228.20342346967118],
      [107.19429993338053, 230.82169009034624],
      [106.41793187414441, 228.42532750439386],
      [102.39908544985701, 228.33656626911215],
      [101.57704868125438, 229.31291209592473],
      [103.54080318403066, 233.92753877400082],
      [102.17074190302446, 235.7907516251762],
      [95.45744162609117, 236.1899826198951],
      [94.81807969495276, 230.15607071394243],
      [89.42917198966097, 228.55846841084076],
      [89.4748406990293, 220.47919615517912],
      [90.75356456130248, 219.94634974873043],
      [91.66693874863813, 215.37200178640524],
      [90.38821488636677, 212.66228829641568],
      [92.5803129359756, 209.15228594103428],
      [90.93623939876852, 205.46370852656946],
      [93.90470550761529, 200.26266052749997],
      [91.71260745800464, 198.839848351834],
      [94.86374840432109, 195.1043458674685],
      [95.32043549798982, 190.16676634087798],
      [99.88730643467898, 187.63064139289963],
      [101.57704868125438, 181.71140161181575],
      [104.77385833693734, 181.08819210132333],
      [105.23054543060425, 179.39649693134197],
      [108.06200541135331, 181.71140161181575],
      [109.7517476579269, 180.10881217230417],
      [107.51398089894974, 177.08124590422176],
      [109.43206669235951, 174.94378349203726],
      [105.96124478047568, 171.6924928863309],
      [107.23996864274886, 170.40069444516575],
      [105.18487672123774, 170.84615438272704],
      [103.58647189339717, 168.03954231188163],
      [103.63214060276368, 167.95043516401165]
    ],
    [
      [340.01338028579266, 199.72912123831793],
      [340.1047177045257, 199.68465880346776],
      [344.671588641213, 197.28349823185545],
      [342.5708280103354, 193.85897853492952],
      [349.14712215916916, 193.45866066078634],
      [347.45737991259557, 191.8572858417665],
      [347.36604249386073, 187.98661378928955],
      [345.6763002472835, 187.89762145675195],
      [345.8589750847532, 184.15948185878915],
      [351.06520795257893, 183.71440514578262],
      [352.0242508492829, 178.50605676806936],
      [354.2620176082619, 183.00225579696962],
      [354.49036115509625, 182.29007369366718],
      [356.0430972735685, 184.9160829182083],
      [354.53602986446276, 186.1176674710723],
      [360.0619436978559, 196.43855710324078],
      [364.58314592517854, 200.61834320432808],
      [361.1579927226612, 204.30807051475495],
      [366.7752439747874, 199.5068077910264],
      [369.28702298996905, 205.73038202080625],
      [373.5342129610872, 204.6192122781731],
      [373.03185715805375, 207.7747268616431],
      [375.2239552076644, 207.28588624307486],
      [375.72631101069965, 203.77467014208105],
      [376.8680287448715, 204.35251971946218],
      [376.5940164886706, 208.66348862063478],
      [381.80024935649635, 205.2414771200165],
      [382.0285929033289, 205.10813675103054],
      [385.45374610584804, 209.4633307840395],
      [382.11993032206556, 213.59519371920942],
      [382.80496096256866, 215.41641939029978],
      [387.6458441554587, 212.97326298325333],
      [389.609598658235, 213.59519371920942],
      [388.60488705216267, 214.39478244283146],
      [390.15762317063854, 215.86058846118885],
      [390.15762317063854, 215.86058846118885],
      [383.76400385927263, 220.87881900534012],
      [385.0427277215458, 221.72243360042557],
      [383.9923474061052, 225.05204557065008],
      [385.49941481521273, 225.8510466804819],
      [384.0380161154735, 229.8898150174091],
      [388.83323059899703, 231.13230275548358],
      [389.19858027393275, 232.46342991674828],
      [386.27578287445067, 237.38761442135365],
      [386.91514480558726, 241.2016821269317],
      [385.27107126837836, 242.70931285346524],
      [387.8285189929247, 246.3890955446077],
      [387.23482577115647, 250.42256245411045],
      [394.0394634668228, 255.3411003613437],
      [399.1543589159137, 255.20818719215913],
      [399.2456963346485, 255.25249170706138],
      [402.8078556652654, 259.3279718097874],
      [402.4425059903315, 260.4352563365255]
    ],
    [
      [402.4425059903315, 260.4352563365255],
      [402.2141624434971, 261.0995895584356],
      [400.75276374375426, 261.1881651970907],
      [396.0488866789656, 263.22526697293597],
      [395.0441750728951, 264.24371876738405],
      [384.7230467559766, 268.18406243969093],
      [383.3073167656021, 270.7956559537133],
      [384.12935353420835, 273.5395750626385],
      [382.57661741573247, 274.5131087418349],
      [380.9782125878919, 273.8493423129021],
      [381.48056839092715, 274.6016088167644],
      [377.14204100107236, 276.7697052026424],
      [378.83178324764776, 280.08764190192414],
      [377.9640777696786, 285.3948874499483],
      [374.03656876412424, 288.22468795624445]
    ],
    [
      [374.03656876412424, 288.22468795624445],
      [368.967342024398, 291.8938295825046],
      [365.3595139844165, 291.9822321085585],
      [364.354802378346, 291.31920109393377],
      [361.79735465379963, 289.72781299767394],
      [360.746974338359, 283.31642920461945],
      [360.3816246634233, 283.1837523509921],
      [360.15328111659073, 279.9107029245861],
      [356.7737966234399, 279.86646786966776],
      [356.7281279140734, 278.7605511156289],
      [356.5454530766074, 275.3538393586123],
      [353.43998083965744, 275.04410172552343],
      [351.06520795257893, 271.2382559323969],
      [348.3250853905647, 272.34470138611414],
      [348.3250853905647, 270.97269744005825],
      [345.6306315379188, 270.5743512927038],
      [344.80859476931437, 270.44156700104577],
      [344.2149015475443, 270.3530435169687]
    ],
    [
      [344.2149015475443, 270.3530435169687],
      [343.3015273602068, 262.6053074540541],
      [344.8542634786827, 261.719608534022],
      [344.76292605994604, 261.3653149750653],
      [344.71725735058135, 260.96672516333],
      [343.2101899414738, 252.1951864322691],
      [342.43382188223586, 251.88499171001968],
      [342.38815317286753, 251.84067767708348]
    ],
    [
      [342.38815317286753, 251.84067767708348],
      [342.34248446350284, 251.53047593794508],
      [345.2196131536166, 251.17595214575158],
      [345.03693831614873, 253.65745029900063],
      [347.8227295875313, 253.43590393549493],
      [349.78648409030757, 255.3411003613437],
      [368.784667186932, 254.27776346147948],
      [371.70746458641224, 252.1951864322691],
      [372.2554890988158, 250.99868724184307],
      [364.99416430948077, 245.05915343965444],
      [359.19423821988676, 234.45990797508784],
      [359.6965940229202, 231.13230275548358],
      [353.43998083965744, 225.27399442859587],
      [353.3943121302909, 225.14082549279829],
      [353.2573060021896, 225.00765542008594],
      [347.2290363657612, 214.7501420276949],
      [345.8589750847532, 213.6396163923946],
      [345.76763766602016, 213.55077091925796]
    ],
    [
      [380.5671942035897, 273.67233320243395],
      [380.1561758192893, 273.49532210042616],
      [380.6585316223227, 271.68084345469924],
      [379.01445808511744, 272.0349045050734],
      [379.47114517878435, 274.6458586675735],
      [380.5671942035897, 273.67233320243395]
    ],
    [
      [342.38815317286753, 251.84067767708348],
      [342.29681575413633, 251.84067767708348],
      [340.7440796356623, 251.22026805840687],
      [338.2323006204806, 250.20097035644721]
    ],
    [
      [338.2323006204806, 250.20097035644721],
      [338.2323006204806, 250.20097035644721]
    ],
    [
      [338.2323006204806, 250.20097035644721],
      [340.01338028579266, 249.49185458156262],
      [338.27796932984893, 247.7632503833638],
      [338.1409632017494, 247.8962267105253],
      [336.40555224580567, 249.7134567091707],
      [335.35517193036685, 248.56109141110755],
      [330.87963841241253, 249.8020966825161],
      [328.96155261900276, 248.25082472982376],
      [328.0481784316653, 250.245289026705],
      [324.85136877598416, 249.35889180030426],
      [325.7190742539533, 250.91005403788859],
      [324.6686939385163, 251.53047593794508],
      [319.4167923613222, 252.5939991972973],
      [318.4120807552499, 250.64415141785958],
      [295.16670768750373, 249.58049580876832],
      [293.52263415029483, 247.23133378302464],
      [292.56359125359086, 248.56109141110755]
    ],
    [
      [270.8252855949504, 214.70572252313286],
      [270.91662301368524, 214.6168831338391],
      [278.8629784435252, 211.41832740965492],
      [279.1369906997261, 211.32946925551914],
      [278.9543158622582, 211.01846172002115],
      [276.8992239407489, 207.10812220796015],
      [276.94489265011543, 206.1303836850666],
      [277.03623006884845, 204.66366059305074],
      [277.72126070935155, 203.99692252223576],
      [280.73539552756847, 205.15258366778107],
      [280.96373907440284, 205.28592365549594],
      [280.781064236935, 209.86323644358254],
      [281.4204261680716, 209.55219959682108],
      [286.48965290779415, 207.41920793580175],
      [286.5809903265308, 207.33032693432597],
      [286.3069780703281, 207.24144542481645],
      [284.5715671143862, 206.48593208021157],
      [283.79519905514826, 204.88590026081965]
    ],
    [
      [80.66077979121837, 422.28253054736433],
      [59.56183606371451, 420.96721690358936],
      [59.56183606371451, 421.14259824095006],
      [59.37916122624665, 421.0987530850389],
      [59.37916122624665, 420.923371271856],
      [2.749961611303661, 417.9415891503004],
      [1.562575167761679, 411.75702121079576],
      [4.0743541829415335, 405.5700815082091],
      [14.075801534292623, 394.1553059237676],
      [13.710451859356908, 381.4578269195845],
      [12.979752509487298, 382.1171127472726],
      [11.883703484680154, 369.7180005285454],
      [7.81918835102806, 361.5786126921166],
      [0.6492009804242116, 355.1081430397553],
      [12.568734125183255, 344.58252546497806],
      [13.893126696824766, 341.3662018958994],
      [7.225495129257979, 342.1593283057091],
      [8.732562538365528, 341.189946218582],
      [7.408169966724017, 337.7525704679665],
      [8.367212863429813, 333.78544490970853],
      [10.193961238106567, 334.7993599940446],
      [10.559310913040463, 338.72216185590514],
      [12.523065415816745, 339.29507446163916],
      [12.431727997085545, 334.66711386577026],
      [15.0348444309966, 331.5369677947747],
      [16.54191184010415, 329.86142513169216],
      [20.378083426921876, 329.86142513169216],
      [19.23636569275004, 326.6862281412814],
      [21.930819545395934, 327.78879901489563],
      [23.072537279569588, 325.2307173817844],
      [25.629985004114133, 329.1558806345838],
      [27.730745634989944, 328.450304809362],
      [30.379530778271146, 324.12796888956746],
      [27.91342047245962, 323.24571494305565],
      [31.932266896743386, 319.2308401089376],
      [31.064561418774247, 313.9790852337783],
      [32.34328528104743, 312.6989820744302],
      [34.17003365572418, 314.55289101428025],
      [35.494426227362055, 310.1384653996083],
      [38.55422975494548, 310.6682614327119],
      [48.00765259389118, 300.90833923384616]
    ],
    [
      [48.00765259389118, 300.90833923384616],
      [76.23091498262875, 313.5818229065717]
    ],
    [
      [76.23091498262875, 313.5818229065717],
      [76.73327078566581, 313.80252542900143],
      [76.64193336693279, 316.3183169775375],
      [69.24360244949457, 318.12767458457984],
      [70.38532018366823, 324.2161915875822],
      [74.03881693301992, 326.4215997430465],
      [70.11130792746735, 330.12599624271206],
      [71.52703791783824, 332.1983176006788],
      [70.47665760240307, 334.66711386577026],
      [66.32080505001431, 334.75527807345134],
      [66.00112408444511, 338.1492286293924],
      [63.71768861609962, 341.10181764838853],
      [51.935161599443745, 344.0538593360443],
      [67.91920987785488, 348.06247314749817],
      [67.82787245912368, 348.7231369077572],
      [67.3255166560848, 351.40955429227324],
      [61.89094024142469, 350.616888018978],
      [60.93189734472253, 353.39104771167877],
      [63.398007650532236, 360.03826235140787],
      [60.29253541358412, 363.3828343268633],
      [59.47049864497967, 370.5097199925649],
      [57.36973801410386, 369.01421702081825],
      [54.67528416145615, 373.4563317926941],
      [57.91776252650561, 375.6989118345846],
      [63.16966410369787, 373.8081298122315],
      [68.01054729658972, 374.5117026766884],
      [64.85940635027328, 387.1268001590488],
      [70.33965147430172, 388.7524154120274],
      [71.25302566163919, 392.3984676220907],
      [75.7285591795935, 397.80013323663024],
      [71.3443630803722, 395.51672359776603],
      [69.06092761202854, 399.51247784261705],
      [72.34907468644451, 401.61972886632066],
      [75.91123401706136, 407.8959472638253],
      [74.7238475735212, 409.0806932602836],
      [81.16313559425362, 408.8613024213146],
      [82.53319687525982, 411.40605268028867],
      [82.35052203779378, 412.67827727928125],
      [77.00728304186669, 414.08199491955565],
      [80.66077979121837, 422.28253054736433]
    ],
    [
      [208.98985311218166, 251.22026805840687],
      [208.67017214661246, 251.35321504441526],
      [209.17252794964952, 252.6826228781365],
      [209.62921504331644, 256.00564931036297],
      [209.2181966590142, 256.62586959185046],
      [209.99456471825215, 260.6567038679159],
      [210.4969205212874, 262.5167398103322],
      [212.27800018659764, 262.56102369464224],
      [211.63863825546105, 265.5720349148687],
      [213.78506759570337, 266.014782005931],
      [215.61181597038012, 269.2907228298218],
      [210.1315708463535, 277.2563796740951],
      [211.41029470862668, 280.79537793591044],
      [214.15041727063908, 282.25498309723025],
      [210.8166014868566, 293.7943748024245],
      [212.78035598963288, 296.3575385952463],
      [210.26857697445485, 298.3017302775879],
      [210.17723955572, 301.6593162946938],
      [212.1866627678628, 304.5745363469805],
      [210.5425892306539, 308.15157238752545],
      [211.72997567419588, 309.38789067671496],
      [211.04494503369096, 311.5512154398466],
      [214.8811166205105, 312.91969689424604],
      [214.33309210810694, 316.7596427496219],
      [215.20079758607972, 317.64225744294345],
      [215.97716564531584, 318.4365686660649]
    ],
    [
      [215.97716564531584, 318.4365686660649],
      [215.33780371418106, 321.34870288238835],
      [217.48423305442338, 324.2161915875822],
      [214.74411049240916, 327.56829096234105],
      [209.2181966590142, 330.03780636174633],
      [209.17252794964952, 330.03780636174633],
      [208.98985311218166, 329.9496159914106],
      [205.56469990966616, 328.7589980881585],
      [204.87966926916124, 327.65649455065613],
      [203.098589603851, 326.6421237144241],
      [200.31279833247208, 329.42046349189604]
    ],
    [
      [200.31279833247208, 329.42046349189604],
      [198.94273705146588, 330.7433117082546],
      [195.3349090114807, 328.7589980881585],
      [190.44835710922416, 330.9196831519821],
      [188.2562590596135, 329.5086567987255],
      [186.84052906923898, 331.00786813999],
      [185.79014875380017, 330.83149767474333],
      [184.00906908849174, 330.47875087315424],
      [183.68938812292436, 323.73096068136965],
      [181.67996491077974, 319.2308401089376],
      [179.03117976750218, 318.7895831067999],
      [175.4690204368835, 322.09871149724404],
      [176.473732042954, 328.5385035010031],
      [170.35412498779078, 326.9508521306634],
      [167.11164662274132, 331.9337809796798],
      [162.9557940703544, 331.49287682948943],
      [161.3117205331473, 333.6531903506666]
    ],
    [
      [161.3117205331473, 333.6531903506666],
      [158.84561022733578, 334.0058667307694],
      [158.29758571493403, 334.35853529049473],
      [158.2062482961992, 334.0940346038269],
      [158.02357345872952, 333.2123338768524],
      [157.01886185265903, 328.8030966384131],
      [157.79522991189697, 326.2010727097131],
      [150.5795738319266, 320.422172706476],
      [152.1323099504043, 316.8037746511709],
      [150.899254797494, 314.28806015877126],
      [152.4519909159717, 304.35370515245813],
      [152.17797865976718, 303.07282342609324],
      [146.469389988908, 302.1893962753775],
      [144.87098516106744, 298.7435586631873],
      [145.1449974172683, 293.48499931089736],
      [145.1449974172683, 293.3966051998623]
    ],
    [
      [145.1449974172683, 293.3966051998623],
      [145.55601580157054, 293.48499931089736],
      [146.14970902334062, 288.18047622793347],
      [147.51977030434682, 285.4391069885505],
      [148.66148803851866, 284.8642433121504],
      [148.4331444916843, 283.4933299386594],
      [150.94492350686232, 278.3624020709867],
      [150.30556157572755, 270.3087815880381],
      [151.67562285673375, 268.00698954652034],
      [162.68178181415533, 267.165866058077],
      [164.14318051389637, 263.0038556688314],
      [169.44075080045332, 259.0622118977817],
      [171.63284885006397, 254.27776346147948],
      [172.91157271233533, 254.8094409250334],
      [171.95252981563317, 251.61910563281526],
      [172.95724142170366, 247.7189246900598],
      [165.87859146983646, 243.1970446337009],
      [165.6959166323686, 239.95999476926227],
      [167.15731533210965, 239.11736505722547],
      [168.66438274121901, 242.53195207305453],
      [171.67851755943047, 242.48761156380988],
      [171.99819852499786, 240.58085076988482],
      [170.17145015032293, 238.93996354249612],
      [173.0485788404385, 239.33911412041107],
      [172.4092169093019, 237.52067895744585],
      [175.33201430878216, 236.81098834215481],
      [177.25010010219194, 238.09727885940447],
      [179.21385460497004, 235.16970536049303]
    ],
    [
      [344.2149015475443, 270.3530435169687],
      [344.2605702569126, 270.3973053213049],
      [343.3015273602068, 270.9284372553402],
      [341.38344156679887, 271.9463899897146],
      [343.07318381337245, 276.1060339467076],
      [338.871662551619, 278.0969637814351],
      [339.96771157642434, 281.7242332295373],
      [336.1315399896066, 285.26222808997045],
      [337.59293868934583, 287.0309277907427],
      [340.05904899515735, 285.9255137279197],
      [342.2054783354015, 288.3131110411041],
      [343.02751510400776, 290.258293528761],
      [338.8259938422525, 291.8496281338039],
      [338.0952944923829, 293.88276668660274],
      [342.251147044768, 298.0366273165073],
      [344.2605702569126, 300.02479113606296],
      [344.76292605994604, 300.5549259205809],
      [344.2605702569126, 300.99669132773215],
      [341.97713478856895, 302.9844829316826],
      [337.95828836428154, 303.4703495449221],
      [330.0576016438099, 302.8519712648531],
      [325.7190742539533, 304.7511990831672],
      [323.7096510418105, 302.8519712648531],
      [323.0702891106739, 305.72280887284614],
      [320.6498475142307, 306.82683849361365],
      [320.74118493296373, 309.2995854290266],
      [315.626289483871, 313.40525867533506],
      [316.9050133461442, 316.3183169775375],
      [314.75858400590187, 317.9070322712787],
      [314.39323433096615, 322.01047702938286],
      [313.02317304995813, 322.2751789612912],
      [311.3334308033827, 322.0545943246325]
    ],
    [
      [311.3334308033827, 322.0545943246325],
      [311.05941854718185, 322.01047702938286],
      [309.09566404440557, 321.7457706822888],
      [309.04999533503906, 321.17222511533146],
      [308.77598307883636, 318.7013302332398],
      [308.5476395320038, 318.6572036123089],
      [304.209112142149, 317.64225744294345]
    ],
    [
      [304.209112142149, 317.64225744294345],
      [304.209112142149, 317.64225744294345]
    ],
    [
      [304.209112142149, 317.64225744294345],
      [303.1587318267102, 313.31697582191464],
      [300.64695281153035, 313.22869247660947],
      [290.14314965714766, 321.03986550195077],
      [288.0880577356347, 317.1568254414842],
      [289.2754441791749, 316.2741837246376],
      [288.45340741057043, 314.3763376023253],
      [283.42984938021254, 314.6853047825307],
      [283.4755180895809, 312.4782641797465],
      [281.2834200399702, 311.10974458900546],
      [281.2834200399702, 309.38789067671496],
      [284.8912480799536, 308.0632602437481],
      [284.52589840501787, 306.0761067317744],
      [282.2424629366742, 303.3378419487899],
      [278.45196005922116, 304.35370515245813],
      [275.8488436253101, 300.7316335647829],
      [273.38273331949677, 301.5709679035681],
      [273.2000584820289, 305.32533935229276],
      [269.0898746390103, 306.51771796353114],
      [268.4961814172402, 304.1770379772797],
      [266.1214085301617, 304.30953854362997],
      [266.16707723953004, 306.3410749496552],
      [270.64261075748436, 310.5799633246479],
      [269.5465617326772, 311.9926739868906],
      [265.57338401775996, 309.6969551654456],
      [262.376574362077, 310.62411244021587],
      [257.49002245981865, 315.25908499518846],
      [257.44435375045396, 315.30322107428674],
      [254.5672250603384, 314.81771744449725],
      [253.74518829173394, 316.230050348875],
      [254.79556860717457, 317.37747819350807]
    ],
    [
      [254.79556860717457, 317.37747819350807],
      [251.5530902421233, 316.71551072523107],
      [250.63971605478582, 317.289217461167],
      [246.66653833986675, 315.70044025605785],
      [243.4697286841838, 316.7596427496219],
      [239.95323806293345, 320.77514296277513],
      [235.7060480918135, 319.05433878115946],
      [233.83363100776842, 320.6869011348772],
      [233.37694391409968, 321.0839854957567],
      [232.92025682043095, 318.3041862249929],
      [232.87458811106444, 318.2600584990678]
    ],
    [
      [232.87458811106444, 318.2600584990678],
      [232.87458811106444, 318.2600584990678]
    ],
    [
      [232.87458811106444, 318.2600584990678],
      [229.0384165242449, 320.1574398607345],
      [227.0746620214686, 318.6130768686053],
      [228.2620484650106, 316.05351561719726],
      [224.01485849388882, 314.90599193789967],
      [219.1739753009988, 318.39244130848965],
      [215.97716564531584, 318.4365686660649]
    ],
    [
      [402.4425059903315, 260.4352563365255],
      [403.08186792146626, 260.16951517466805],
      [404.4519292024743, 261.1881651970907],
      [407.78574498625676, 264.95216802408777],
      [408.6077817548612, 265.92623358586934],
      [409.70383077966653, 270.3087815880381],
      [413.9966894601548, 274.4688585177091],
      [413.9053520414218, 276.0175423315941],
      [418.47222297811095, 277.5218321354705],
      [418.2895481406413, 281.9011518386078],
      [419.93362167785017, 283.93557308709114],
      [417.28483653456897, 290.43511640935776],
      [417.2391678252043, 290.5235271066367],
      [415.64076299736007, 289.0646872513371],
      [414.0423581695195, 290.7887562265478],
      [412.6266281791486, 288.7552190307106],
      [414.2250330069892, 286.9424975172451],
      [414.13369558825616, 286.8098511772441],
      [413.76834591332045, 286.3234717176301],
      [410.2061865827018, 287.6057124825047],
      [409.47548723283217, 287.8709906598933],
      [409.47548723283217, 286.41190546251073],
      [407.9227511143581, 283.89134933064634],
      [404.04091081817205, 288.0478402994786],
      [399.2456963346485, 289.50677417906627],
      [398.5606656941436, 292.42423731249346],
      [402.2141624434971, 295.6063095422687],
      [403.35588017766895, 300.5991030168052],
      [406.8267020895528, 301.70349030513717],
      [408.6077817548612, 304.30953854362997],
      [410.48019883890265, 303.4261804695552],
      [412.76363430724814, 304.7511990831672],
      [412.9919778540843, 304.7953644589752],
      [415.6864317067284, 302.4102576897012],
      [415.77776912546324, 302.36608565361075],
      [415.82343783482975, 302.6752873152773],
      [416.4171310565998, 305.19284729325955],
      [418.3808855593761, 304.5745363469805],
      [419.24859103734525, 306.2085913952933],
      [422.6737442398644, 302.6311160194582],
      [421.9430448899948, 308.94635951322743],
      [423.90679939276924, 308.41650586293053],
      [425.3681980925103, 311.06559682715033],
      [427.4232900140196, 311.5512154398466],
      [427.87997710769014, 313.93494546701095],
      [429.66105677299674, 314.1556430714172],
      [428.8390200043941, 316.93616961879343],
      [427.3776213046531, 317.1568254414842],
      [428.7933512950276, 318.2600584990678],
      [427.2406151765517, 321.5692973311652],
      [428.29099549199054, 323.37805616094374],
      [426.69259066414816, 325.1425003207787],
      [424.4548239051728, 324.17208029985886],
      [430.483093541603, 328.5385035010031],
      [430.3917561228682, 332.0219603424157],
      [426.23590357048124, 334.7993599940446],
      [427.7429709795888, 337.7525704679665],
      [427.5146274327544, 338.1492286293924],
      [427.01227162971736, 338.8984448537958],
      [427.01227162971736, 338.8984448537958],
      [426.5099158266821, 339.6916941878908],
      [425.68787905807767, 341.10181764838853],
      [424.0894742302371, 343.65734822782906],
      [426.92093421098434, 342.6880573052222],
      [425.824885186179, 344.31819459303097],
      [427.05794033908387, 344.3622500428637],
      [427.60596485148744, 344.4063053708869],
      [427.92564581705665, 345.5517011513966],
      [427.56029614212275, 348.54696258136846],
      [431.35079901957397, 349.6039793477539],
      [426.87526550161783, 354.71190666470557],
      [426.783928082883, 354.71190666470557],
      [424.6374987426407, 353.52313852567204],
      [425.68787905807767, 351.45359015272334],
      [423.313106171001, 349.5158972929312],
      [423.63278713656837, 347.09345011260393],
      [419.7966155497488, 345.63980510946203],
      [418.51789168747564, 342.2915122009599],
      [415.18407590369316, 346.60891650718804],
      [410.43453012953796, 346.08031759462756],
      [408.74478788296256, 344.4503605771124],
      [410.16051787333345, 343.04053355529504],
      [408.6991191735942, 341.76277003785435],
      [404.5889353305756, 343.74546266021025]
    ],
    [
      [404.5889353305756, 343.74546266021025],
      [404.4975979118426, 342.643997225573],
      [406.05033403031484, 340.1764382134006],
      [405.3196346804434, 337.1355270103659],
      [407.05504563638715, 336.2099169596395],
      [407.5574014394224, 331.6251493584932],
      [410.06918045460225, 329.0676853698269],
      [405.36530338981174, 326.2010727097131],
      [405.09129113360905, 324.48085674021513],
      [405.1369598429774, 323.64273528677313],
      [407.5574014394224, 323.73096068136965],
      [406.5526898333501, 322.49576053209694],
      [410.2061865827018, 316.2741837246376],
      [408.51644433612637, 314.55289101428025],
      [408.10542595182596, 314.11150379642004],
      [407.146383055122, 315.30322107428674],
      [405.09129113360905, 316.40658311476636],
      [402.579512118431, 320.20156230846806],
      [400.4787514875552, 317.46573843457463],
      [398.28665343794455, 317.95116097952723],
      [397.69296021617447, 320.2898068357945],
      [397.1449357037727, 320.51041600674034],
      [396.5055737726361, 320.3780508722866],
      [395.9118805508642, 319.71620863389217],
      [396.32289893516827, 316.84790642988446],
      [392.62373347645007, 318.56895000213353],
      [392.98908315138397, 314.02322487760466],
      [390.56864155493895, 311.81609204442157],
      [389.9292796238042, 311.2421871362567],
      [388.60488705216267, 312.6548387414923]
    ],
    [
      [388.60488705216267, 312.6548387414923],
      [388.4222122146948, 312.74312528437713],
      [387.91985641165957, 310.6682614327119],
      [387.7828502835582, 309.38789067671496],
      [387.55450673672385, 309.21127968884866],
      [385.45374610584804, 307.5775346459932],
      [381.9829241939642, 304.83952971148756],
      [380.3845193661218, 305.148683027026],
      [377.2790471291737, 300.99669132773215],
      [376.913697454238, 298.1691793529908],
      [376.8680287448715, 298.0366273165073],
      [374.5389245671595, 297.81570478472077]
    ],
    [
      [374.5389245671595, 297.81570478472077],
      [374.5389245671595, 297.81570478472077]
    ],
    [
      [374.5389245671595, 297.81570478472077],
      [373.4885442517225, 293.3524079587569],
      [374.1279061828591, 292.73363359140785],
      [372.75784490185106, 290.0814686666881],
      [374.03656876412424, 288.22468795624445]
    ],
    [
      [161.3117205331473, 333.6531903506666],
      [166.0155975979378, 338.94251529824123],
      [163.22980632655708, 338.9865856206761],
      [161.35738924251382, 341.63058175438164],
      [161.6314014987147, 344.1860275126928],
      [165.78725405110345, 346.96130604437985],
      [164.59986760756328, 351.49762589163765],
      [163.04713148908922, 351.54166150901347],
      [161.08337698631294, 351.0572630330307],
      [157.84089862126348, 347.7541540247248],
      [154.27873929064663, 347.7541540247248],
      [153.00001542837344, 350.3526571752409],
      [147.33709546687714, 354.0074621580525],
      [140.85213873678003, 350.22054011205637],
      [137.74666649983192, 352.554447167905],
      [133.3168016912441, 349.6920609161398]
    ],
    [
      [133.3168016912441, 349.6920609161398],
      [133.3168016912441, 349.6920609161398]
    ],
    [
      [133.3168016912441, 349.6920609161398],
      [131.2617097697348, 348.3267419362883]
    ],
    [
      [131.2617097697348, 348.3267419362883],
      [131.2617097697348, 348.3267419362883]
    ],
    [
      [131.2617097697348, 348.3267419362883],
      [124.2287285272323, 349.3837732986003],
      [124.13739110849929, 346.8291608807858],
      [124.502740783435, 344.80279784216873],
      [124.00038498039794, 344.09791551674334],
      [120.30121952167974, 339.2069354027926],
      [125.00509658646843, 334.7993599940446],
      [124.73108433026755, 333.2564200742081],
      [121.44293725585158, 333.34459210226123],
      [118.1547901814356, 330.12599624271206],
      [116.0996982599263, 329.5968496161104],
      [114.77530568828479, 328.6708006204799],
      [117.42409083156599, 322.53987647837585],
      [108.47302379565372, 316.3183169775375],
      [107.97066799262029, 316.0093816271092],
      [106.55493800224576, 313.0521243102885],
      [104.77385833693734, 309.34373811442947],
      [101.62271739062089, 307.533377034375],
      [99.15660708480755, 306.0761067317744],
      [98.10622676937055, 305.4578303018725],
      [90.79923327066717, 304.7511990831672],
      [88.88114747725922, 304.5745363469805],
      [88.01344199928826, 304.9278598466426]
    ],
    [
      [88.01344199928826, 304.9278598466426],
      [88.60713522105652, 304.5745363469805],
      [86.09535620587667, 304.00036882904624],
      [85.1819820185392, 303.8236977076431],
      [83.99459557500268, 291.3634040281304],
      [90.93623939876852, 287.82677794017127],
      [93.95037421698362, 284.28935867186283],
      [101.57704868125438, 281.5473126338129],
      [105.45888897744226, 277.1236517649095],
      [108.61002992375506, 280.04340734393827],
      [110.98480281083357, 277.47759036939533],
      [126.19248303000859, 280.5299806495641],
      [127.9278939859505, 283.93557308709114],
      [131.2617097697348, 284.8200221610723],
      [132.22075266643697, 288.3573223976573],
      [135.23488748465388, 287.9152032556858],
      [138.43169714033502, 292.2916370508774],
      [145.1449974172683, 293.3966051998623]
    ],
    [
      [388.60488705216267, 312.6548387414923],
      [388.14819995849393, 313.09626653633404],
      [387.7828502835582, 313.4935410368871],
      [383.12464192813604, 316.71551072523107],
      [380.20184452865396, 321.2604642442029],
      [374.584593276526, 322.4075282716649],
      [372.5295013550185, 326.2892838904936],
      [369.8350475023708, 323.8632978539199]
    ],
    [
      [369.8350475023708, 323.8632978539199],
      [369.8350475023708, 323.8191855856476],
      [369.8350475023708, 323.8632978539199]
    ],
    [
      [369.8350475023708, 323.8632978539199],
      [370.01772233983684, 327.70059616116214],
      [368.41931751199627, 329.0235875538783],
      [369.4696978274351, 337.9288642046149],
      [365.496520112516, 336.4743824684392],
      [365.31384527504815, 339.60355732485004],
      [363.94378399404195, 338.810303598877],
      [360.4272933727916, 341.3662018958994],
      [359.87926886038986, 340.5730359848749],
      [358.0068517763448, 338.0610832256107],
      [356.5454530766074, 340.6611674815231],
      [356.49978436723904, 340.6171017941706],
      [353.07463116472354, 336.8269963092662],
      [348.87310990296646, 338.67809080139796],
      [345.44795670045096, 332.37467290276254],
      [345.49362540981747, 325.58358072502324],
      [339.1913435171864, 324.8337367475915],
      [335.35517193036685, 321.17222511533146],
      [333.66542968379144, 324.03974570129594],
      [331.56466905291563, 320.7310221101743],
      [325.0340436134502, 325.4071500335349],
      [323.6183136230775, 324.48085674021513],
      [322.5679333076405, 326.4215997430465],
      [320.9695284797981, 324.92195552402427],
      [318.4120807552499, 328.318005853881],
      [316.12864528690807, 324.7455174810093],
      [314.43890304033266, 327.3918823164777],
      [314.3475656215978, 327.34777984890934],
      [311.3334308033827, 326.11286103898874],
      [311.3334308033827, 326.15696693559767]
    ],
    [
      [311.3334308033827, 326.15696693559767],
      [309.91770081301, 324.56907747733567],
      [311.3334308033827, 322.0545943246325]
    ],
    [
      [76.23091498262875, 313.5818229065717],
      [79.56473076641123, 311.5512154398466],
      [79.97574915071527, 311.94852868581165],
      [82.62453429399466, 314.464614554161],
      [82.07650978159108, 312.4782641797465],
      [87.14573652131548, 309.7411067428184],
      [84.63395750613745, 308.195728274668],
      [84.86230105297182, 307.04763517572246],
      [84.99930718107316, 306.60603873109903],
      [85.09064459980618, 306.0761067317744],
      [88.01344199928826, 304.9278598466426]
    ],
    [
      [133.3168016912441, 349.6920609161398],
      [129.11528042948885, 358.8058751671406],
      [119.5248514624418, 354.0514908504774],
      [116.14536696929281, 355.59241858837686],
      [116.5107166442267, 355.68046711005627],
      [128.1562375327867, 358.84989063201374],
      [119.57052017180831, 363.42683718915123],
      [123.49802917736088, 366.9466739728641],
      [120.98625016218284, 368.31040256675715],
      [118.70281469383917, 373.23645410717836],
      [119.75319500927617, 376.27049969163636],
      [117.8351092158664, 381.63363912266686],
      [120.98625016218284, 382.38081949306707],
      [121.07758758091586, 385.1934218528686],
      [116.60205406295972, 387.6540447551333],
      [114.22728117588304, 386.3798406820897],
      [109.98009120476308, 387.170737869842],
      [106.18958832731005, 392.6180829089417],
      [108.92971088932245, 395.7362963013893],
      [113.7705940822143, 395.8241245435902],
      [112.8115511855085, 400.4344341042806],
      [116.83039760979409, 403.19998617881265],
      [115.36899891005487, 408.24699219068407],
      [118.565808565736, 411.53766677401654],
      [116.23670438802583, 415.79261074978785],
      [116.87606631916242, 417.81002726188035]
    ],
    [
      [116.87606631916242, 417.81002726188035],
      [113.63358795411295, 422.896306954367],
      [109.3407292736265, 425.65801249003107],
      [109.3407292736265, 425.65801249003107],
      [108.6556986331234, 428.11246605091947],
      [109.70607894855857, 429.0327901564742],
      [101.62271739062089, 427.98098690604456],
      [92.44330680787607, 421.9756336042974],
      [91.71260745800464, 423.24702586747935],
      [91.8039448767413, 422.9839873959354],
      [80.75211720995321, 422.32637249214986],
      [80.66077979121837, 422.28253054736433]
    ],
    [
      [311.3334308033827, 326.15696693559767],
      [311.7901178970533, 326.6421237144241],
      [310.6484001628796, 331.8456011278631],
      [308.1822898570681, 334.0499507283912],
      [311.65311176895193, 339.03065582110776],
      [306.2185353542918, 342.6880573052222],
      [306.67522244796055, 344.00980303352935],
      [303.70675633911196, 347.09345011260393],
      [304.30044956088204, 348.19460808936947],
      [300.7839589396317, 354.3596882971742],
      [297.7241554120483, 353.61119846101974],
      [297.54148057458224, 358.3216970497069],
      [302.5650386049401, 360.52238845605734],
      [305.99019180745745, 358.49776351752917],
      [311.65311176895193, 363.2068216667476],
      [314.8955901340014, 361.3145631767029],
      [318.046731080316, 362.8547905335745],
      [322.7506081451065, 361.4465884796591],
      [322.79627685447304, 364.4388696036285],
      [324.57735651978146, 363.47083993035085],
      [327.9568410129323, 367.5185743070406],
      [326.63244844129076, 369.32212611290197],
      [324.94270619471536, 368.882254168122],
      [324.9883749040837, 371.8731450835012],
      [322.6592707263717, 374.6436191492121],
      [320.8781910610651, 373.32440554355344],
      [318.68609301145443, 375.6989118345846],
      [316.5396636712085, 375.0393620505356],
      [314.3475656215978, 377.72136194495124],
      [314.256228202863, 377.8092887704179],
      [310.1917130692127, 377.0618953816538],
      [308.456302113269, 379.74355695057693],
      [306.1728666449253, 383.303758976047],
      [309.59801984744263, 388.97208053134455],
      [308.04528372896675, 390.15822027956165],
      [310.37438790667875, 391.56390216696764],
      [309.36967630060644, 393.4525936392374],
      [311.01374983781534, 394.1992244219118],
      [310.42005661604526, 395.4728086973473],
      [312.4751485375564, 394.9019040803996],
      [312.8861669218586, 394.8140708021301],
      [312.9318356312251, 394.7701539831078],
      [313.9822159466639, 396.8341148644886],
      [310.6484001628796, 403.3316672896999],
      [311.5617743502189, 404.7800884710214],
      [307.26891566973063, 402.8488312866293],
      [305.3964985856892, 405.17508983104017],
      [306.538216319861, 405.65785612162745],
      [305.07681762012, 405.8772905635569],
      [305.1681550388512, 409.2123263308922],
      [300.19026571786344, 416.3627757494605],
      [303.02172569860886, 418.20470971230134],
      [302.97605698924235, 420.2218249845582],
      [297.81549283078493, 422.5455804325038],
      [296.90211864344747, 428.90131848843794],
      [300.92096506773123, 431.4867319794812],
      [302.0626828019049, 434.991718202823],
      [303.8894311765798, 432.80119069663215],
      [306.99490341352976, 434.72887054030616],
      [308.41063340390065, 439.41568079960143],
      [316.5396636712085, 436.87533502713995],
      [314.8042527152684, 443.225453513478],
      [314.256228202863, 443.66330110580566],
      [313.1601791780595, 444.53896085527504]
    ],
    [
      [313.1601791780595, 444.53896085527504],
      [312.8404982124921, 444.7578684114824],
      [311.1050872565502, 447.29698037868275],
      [310.8767437097158, 449.2667075865793],
      [308.5933082413703, 450.8423174228483],
      [306.4012101917615, 453.9930789335085],
      [306.0815292261923, 454.82442807374355],
      [305.7618482606231, 454.8681821144237],
      [304.93981149202045, 455.0869505521714],
      [304.30044956088204, 455.2619631836924],
      [302.93038827987584, 453.33672064078746],
      [297.0391247715452, 458.0181637966316],
      [291.83289190372125, 457.6681959475354],
      [291.6502170662534, 457.53695606361634],
      [290.5998367508146, 457.44946221960436],
      [286.0329658141254, 453.64302447455793],
      [284.9825854986884, 454.91193603738793],
      [280.96373907440284, 454.4306364103504],
      [280.4613832713658, 451.6300650567118],
      [276.305530718977, 447.12188195495764],
      [276.07718717214266, 444.188702624554],
      [274.98113814733733, 444.49517898976956],
      [273.29139590076375, 445.50213202236773],
      [272.6977026789955, 445.1518945735961],
      [268.17650045167284, 442.5686599734627],
      [268.1308317423045, 442.61244703654575],
      [265.0253595053546, 445.3707938645375],
      [264.9796907959899, 445.32701424247443],
      [264.88835337725686, 445.3707938645375],
      [259.91046405626366, 444.0135706747633]
    ],
    [
      [259.91046405626366, 444.0135706747633],
      [267.3087949737019, 440.5543273116109],
      [267.62847593926926, 437.53235916513313],
      [265.0710282147229, 436.2182842554239],
      [266.0300711114287, 426.9729446343117],
      [261.55453759347256, 424.2991369625597],
      [258.2207218096901, 424.342973439263],
      [257.76403471602134, 426.9291152847554],
      [253.56251345426608, 428.5068970762186],
      [251.918439917059, 424.91283682313224],
      [248.67596155200954, 423.9484408707485],
      [249.589335739347, 416.3627757494605],
      [255.297924410208, 411.6692797939895],
      [255.297924410208, 410.8357125319126],
      [253.6081821636326, 407.6326585522229],
      [253.33416990743171, 407.2377174218036],
      [249.77201057681305, 409.9143512276196],
      [248.26494316770913, 408.90518082791004],
      [248.5389554239082, 402.98051526836025],
      [246.07284511809848, 399.90760842043073],
      [250.5483786360528, 394.9897368789807],
      [247.71691865530556, 394.8140708021301],
      [246.48386350239707, 390.46572369913247],
      [243.69807223101816, 391.56390216696764],
      [239.63355709736607, 390.29000817993165],
      [239.58788838799774, 390.20214969978133]
    ],
    [
      [239.58788838799774, 390.20214969978133],
      [236.61942227915097, 384.84187350986303],
      [236.89343453535184, 381.85340166721016],
      [236.89343453535184, 381.5017801509839],
      [240.8209435409044, 378.5126860151049],
      [240.63826870343655, 376.5343025966022],
      [244.8397899651918, 378.33683959692735],
      [249.72634186744654, 374.95142002823195],
      [254.24754409476918, 374.6436191492121],
      [255.75461150387673, 376.22653211866873],
      [255.2522557008415, 374.68759106536527],
      [261.0521817904355, 369.1901657987046],
      [253.5168447449014, 366.8146940697361],
      [253.2885011980652, 366.46274233875465],
      [252.28378959199472, 365.2308503012928],
      [250.73105347351884, 363.2068216667476],
      [250.63971605478582, 361.3585717321921],
      [250.5483786360528, 359.3780667524079],
      [250.50270992668447, 358.7618595810063],
      [251.18774056718757, 358.8939059756203],
      [254.74989989780624, 356.42885994253174],
      [252.19245217325988, 350.4847731441996],
      [252.74047668566345, 345.2433334626194],
      [249.45232961124566, 341.8508949506513],
      [253.10582636059735, 338.94251529824123],
      [253.5168447449014, 336.65069036560726],
      [251.09640314845456, 335.32833351285535],
      [251.18774056718757, 332.9037270730032],
      [254.2018753854045, 330.47875087315424],
      [250.2743663798501, 325.1425003207787],
      [254.84123731653926, 317.42160837544816],
      [254.79556860717457, 317.37747819350807]
    ],
    [
      [239.58788838799774, 390.20214969978133],
      [237.89814614142415, 389.63105786883716],
      [237.76114001332098, 389.7628500929941],
      [235.66037938244517, 391.30034617824913],
      [233.55961875156754, 389.7628500929941],
      [231.64153295815777, 390.0703610788278],
      [229.08408523361322, 389.32353847496415],
      [227.57701782450567, 387.30255028097326],
      [223.83218365642097, 382.3368686697422],
      [223.69517752832144, 382.1171127472726],
      [223.6038401095866, 382.1171127472726],
      [217.02754596075283, 383.39165520608003],
      [213.37404921140478, 379.74355695057693],
      [211.68430696482937, 381.0182879821796],
      [211.04494503369096, 381.4578269195845],
      [210.4055831025562, 381.06224241786276]
    ],
    [
      [210.4055831025562, 381.06224241786276],
      [210.67959535875525, 380.7545588388548],
      [209.08119053091468, 380.22708754356245],
      [211.5016321273597, 376.5343025966022],
      [209.62921504331644, 374.42375775827986],
      [210.67959535875525, 371.16945630714963],
      [209.30953407774905, 370.11386515470167],
      [209.67488375268476, 367.7385305315429]
    ],
    [
      [209.67488375268476, 367.7385305315429],
      [209.67488375268476, 367.7385305315429]
    ],
    [
      [209.67488375268476, 367.7385305315429],
      [206.56941151573665, 367.2106305132229],
      [207.20877344687506, 364.7908658664319],
      [205.47336249093132, 363.778855728282],
      [203.18992702258765, 364.08686559333],
      [203.0529208944845, 363.0308070690171],
      [202.82457734765194, 360.3463442967486],
      [207.02609860940538, 358.7618595810063],
      [204.10330120992512, 356.56092562507],
      [205.38202507219648, 352.1141134756608],
      [201.4088473572774, 351.9820109985203],
      [201.4088473572774, 345.5517011513966],
      [198.25770641096278, 341.67464463744636],
      [195.74592739578293, 342.5558767006696],
      [194.14752256794054, 338.1051559885209],
      [200.31279833247208, 329.42046349189604]
    ],
    [
      [210.4055831025562, 381.06224241786276],
      [208.85284698408032, 383.084016294757],
      [208.7615095653473, 383.2158622645966],
      [208.71584085597897, 383.25981068049896],
      [208.94418440281333, 386.95104811376586],
      [208.94418440281333, 387.170737869842],
      [208.80717827471562, 387.2146754604237],
      [206.93476119067054, 387.7419171717329],
      [206.797755062571, 389.89464123613743],
      [208.16781634357721, 390.55358073820753],
      [206.93476119067054, 392.3545442046807]
    ],
    [
      [206.93476119067054, 392.3545442046807],
      [206.93476119067054, 392.3545442046807]
    ],
    [
      [206.93476119067054, 392.3545442046807],
      [202.45922767271622, 395.4728086973473],
      [198.62305608589668, 394.7701539831078],
      [194.010516439841, 396.5706452417644],
      [195.28924030211238, 403.8583809688198],
      [197.25299480488866, 404.2534049267515],
      [193.6451667649053, 408.4663913885115],
      [195.060896755278, 411.09894895230264],
      [198.07503157349493, 411.8447621504092],
      [199.12541188893374, 410.04597749362256],
      [200.81515413550733, 410.35310127006505],
      [197.0246512580561, 414.3451783853343],
      [197.9836941547601, 417.06448965024174],
      [193.73650418364014, 416.4943494286481],
      [191.77274968086203, 420.2218249845582],
      [186.70352294113763, 417.28376899107025],
      [184.1460752165931, 418.55553046101795],
      [184.2374126353261, 423.20318641941867],
      [182.63900780748554, 425.3950132337941],
      [184.42008747279397, 427.3235751563643],
      [184.8767745664627, 431.66199930647326],
      [189.03262711885145, 432.71356343458046],
      [189.12396453758265, 435.7364300924801],
      [189.03262711885145, 435.8240410059507],
      [188.30192776898002, 436.4373041389672],
      [185.28779295076492, 438.97771854482016]
    ],
    [
      [185.28779295076492, 438.97771854482016],
      [182.04531458571546, 441.7366833221504],
      [181.72563362014807, 441.9556286824991],
      [181.72563362014807, 442.0432059993291],
      [180.8122594328106, 445.9836961778374],
      [181.90830845761593, 448.69769981527315],
      [179.67054169863877, 450.1420652464358],
      [177.4327749396598, 445.0205535822315],
      [172.59189174676794, 445.0205535822315],
      [172.68322916550278, 442.7000208082218],
      [175.14933947131613, 441.07982951128633],
      [175.1036707619478, 441.0360383115467],
      [171.0848243376604, 437.4447574853766],
      [174.55564624954422, 433.414568257228],
      [172.4092169093019, 428.11246605091947],
      [172.31787949056888, 427.8933335492984],
      [172.0438672343662, 427.80567971774326],
      [171.58718014069927, 427.6741980801098],
      [170.62813724399166, 427.4550596431518],
      [168.25336435691497, 433.67743724440516],
      [165.0108859918655, 432.3630496452579],
      [161.58573278934819, 435.42978816520645],
      [158.02357345872952, 435.25456160144677],
      [155.42045702481846, 430.91710006419726],
      [151.31027318179804, 428.94514249644726],
      [148.06779481674857, 421.8002613063236],
      [144.0946171018295, 423.20318641941867],
      [144.7796477423326, 421.4933552061075],
      [142.63321840208846, 419.03789655026503],
      [138.0206787560328, 420.7918336629018],
      [135.64590586895247, 418.3801210390884],
      [133.17979556314276, 418.4239735731453],
      [133.68215136617619, 416.0119073632113],
      [131.9467404102379, 415.00311827617224],
      [131.85540299150125, 414.9592564510922],
      [127.33420076418042, 418.2485627225851],
      [120.57523177788062, 419.95873727414255],
      [117.10440986599679, 417.45919032003985],
      [116.87606631916242, 417.81002726188035]
    ],
    [
      [404.5889353305756, 343.74546266021025],
      [403.6298924338698, 344.2300833279469],
      [403.31021146830244, 346.38866909057015],
      [403.44721759640197, 346.6970146217818],
      [403.2188740495694, 346.78511224950034],
      [400.61575761565473, 347.8862915216632],
      [399.8850582657851, 348.19460808936947],
      [399.8393895564168, 348.4148305592753],
      [400.25040794072083, 351.3214822067448],
      [400.4787514875552, 351.76183777287133],
      [402.2141624434971, 351.8499074276997],
      [400.61575761565473, 354.49177109568336],
      [404.2235856556399, 353.74328745310413],
      [404.68027274930864, 356.3408155474108],
      [399.3827024627499, 360.61040980849975],
      [396.23156151643343, 360.39035551838515],
      [395.27251861972763, 362.98680311682347],
      [388.7418931802622, 366.5507309973409],
      [387.0521509336904, 370.5976864051563],
      [385.77342707141725, 369.32212611290197],
      [382.75929225320033, 371.08149303577557],
      [381.48056839092715, 369.6740149658144],
      [378.0554151884098, 370.81760032222974],
      [378.3750961539772, 374.3797851180507],
      [376.73102261677195, 377.0179299794854],
      [377.05070358234116, 377.0179299794854],
      [381.7089119377615, 373.23645410717836],
      [382.6679548344673, 372.4888473992869],
      [383.2159793468709, 372.04906244622634],
      [383.80967256863914, 372.66475799928867],
      [384.08368482484184, 372.92862027688625],
      [384.2663596623079, 373.1045260471601],
      [383.2159793468709, 375.0393620505356],
      [387.6001754460922, 377.23775578449477],
      [385.9561019088833, 379.6556407310709],
      [391.25367219544205, 380.9743334260593],
      [391.61902187037776, 383.6992882203049],
      [389.56392994886846, 386.0722590332125],
      [387.7828502835582, 384.62215188594473],
      [390.0662857519019, 383.1719137283426],
      [388.87889930836536, 381.6775918723997],
      [385.7277583620489, 380.4029132359856],
      [383.7183351499061, 383.6113936750935],
      [388.4222122146948, 386.51165958514866],
      [389.7466047863345, 389.235674709862],
      [389.6552673676015, 389.2796066524779],
      [389.700936076968, 389.32353847496415],
      [389.1529115645644, 389.89464123613743],
      [383.6726664405378, 395.38497853681474],
      [380.43018807548833, 395.78021048243227],
      [376.09166068563354, 393.36475244424855],
      [375.2239552076644, 396.0876063929427],
      [380.47585678485666, 397.18540098323956],
      [376.18299810436656, 401.3563375708327],
      [371.34211491147835, 401.9709105586817],
      [370.33740330540604, 398.634375162409],
      [367.2319310684579, 397.93185852122406],
      [365.0855017282138, 397.5805886993321],
      [364.94849560011244, 397.4488605390943],
      [364.4461397970772, 397.317131300415],
      [364.4004710877107, 396.7462921363367],
      [364.03512141277497, 392.6180829089417],
      [361.1579927226612, 392.04707692227566],
      [361.0209865945617, 392.04707692227566],
      [359.8336001510215, 389.63105786883716],
      [359.65092531355367, 389.235674709862],
      [359.60525660418716, 389.1478104642347],
      [361.29499885076075, 386.68741643930116],
      [358.55487628874835, 382.4247701960003],
      [358.417870160647, 382.4687207785537],
      [353.7596618052248, 385.94043652283926],
      [357.0021401702743, 390.0703610788278],
      [354.3533550269967, 391.73960375851584],
      [355.5864101799016, 394.7262370441631],
      [350.2431711839745, 394.1553059237676],
      [348.5990976467656, 389.8067805941482],
      [346.2243247596889, 391.2124932215793],
      [349.9691589277736, 394.1553059237676],
      [347.7313921687946, 397.27322131452365],
      [344.58025122248, 398.2392133253452],
      [341.01809189186315, 395.077569197887],
      [339.4196870640226, 396.43890881231346],
      [334.98982225543295, 393.8917924159141],
      [332.29536840278706, 390.1142907392459],
      [328.504865525334, 388.2252068699827],
      [330.87963841241253, 393.0133828650096],
      [329.7835893876072, 395.78021048243227],
      [332.7977242058223, 396.5267332184794],
      [334.9441535460646, 399.24905206868334],
      [329.3269022939385, 408.55415023169917],
      [329.28123358457196, 410.00210219098335],
      [332.02135614658437, 411.09894895230264],
      [328.8245464909014, 412.8537486620089],
      [328.23085326913133, 417.8538813437608],
      [323.48130749497795, 425.7018452836446],
      [325.6734055445868, 426.5784762136136],
      [325.3993932883859, 431.18000959222445],
      [326.49544231319305, 432.27542001257825],
      [328.91588390963625, 431.35528023925235],
      [333.98511064936065, 433.85268086604174],
      [333.98511064936065, 433.98411233819024],
      [333.8024358118946, 435.91165144577826],
      [333.66542968379144, 437.26955270563576],
      [333.6197609744286, 437.26955270563576],
      [332.20403098405404, 437.751361293469],
      [330.92530712178086, 438.1455576691924],
      [330.4686200281103, 438.6711379280305],
      [330.28594519064427, 440.02880808582813],
      [329.5095771314045, 439.76604208727986],
      [329.5095771314045, 439.76604208727986],
      [327.2718103724292, 438.97771854482016],
      [327.0891355349613, 438.93392166874673],
      [324.21200684484756, 442.61244703654575],
      [323.7096510418105, 443.26923880430695],
      [319.7364733268896, 443.0940969321455],
      [316.2656514150076, 447.2532059497371],
      [316.08297657753974, 447.42830295757904],
      [315.626289483871, 446.72790359867395],
      [313.1601791780595, 444.53896085527504]
    ],
    [
      [259.91046405626366, 444.0135706747633],
      [257.49002245981865, 453.6867816940594],
      [257.17034149425126, 453.64302447455793],
      [253.83652571046878, 450.01076460383865],
      [253.79085700110045, 450.01076460383865],
      [251.8727712076925, 450.09829848345817],
      [249.45232961124566, 450.18583189153196],
      [249.31532348314613, 450.22959841874126],
      [248.8129676801109, 450.3608972930915],
      [247.8539247834051, 450.66725720762497],
      [246.5752009211319, 454.56190135764064],
      [246.4381947930342, 454.6494107338822],
      [243.65240352165165, 453.9930789335085],
      [240.0902441910348, 456.0057458599449],
      [237.57846517585494, 451.017375752328],
      [234.15331197333762, 450.5359608086201],
      [232.0525513424618, 452.9428929465794],
      [231.50452683006006, 450.1420652464358],
      [231.45885812069173, 450.1420652464358],
      [231.27618328322387, 450.01076460383865],
      [223.37549656275405, 444.9329923309533],
      [223.23849043465088, 445.4145733685418],
      [222.32511624731342, 449.09163039500254],
      [217.11888337948767, 450.92984682329916],
      [216.70786499518545, 451.0611400400594],
      [216.61652757645425, 451.45501332654476],
      [215.42914113291226, 456.09324746832226],
      [213.10003695520027, 457.53695606361634],
      [213.10003695520027, 457.53695606361634],
      [213.64806146760384, 460.2490319455219],
      [210.95360761495795, 460.2490319455219],
      [207.1174360281384, 463.04812033143753],
      [209.126859240283, 468.4699858949516],
      [205.38202507219648, 466.80863811675954],
      [205.33635636282997, 466.76491615191117],
      [204.78833185042822, 468.4699858949516],
      [203.14425831321932, 473.19078733783135],
      [200.08445478563954, 474.54557994207516],
      [200.08445478563954, 474.54557994207516],
      [199.94744865753637, 474.8514852910612],
      [199.17108059830025, 477.2548279097409],
      [199.21674930766676, 477.2548279097409],
      [203.4639392787867, 480.66259845228615],
      [201.18050381044304, 484.9431493888478],
      [201.0891663917082, 485.1615148042338],
      [201.0891663917082, 485.1615148042338],
      [197.9836941547601, 484.8558024064105],
      [196.88764512995294, 486.73365975257275],
      [191.5444061340295, 487.9999999999991],
      [192.00109322769822, 485.2925326541881],
      [189.6263203406197, 481.7983640574266],
      [191.5444061340295, 478.12868299625643],
      [184.1917439259596, 474.0211574349796],
      [184.831105857098, 470.2185901777002],
      [182.1366520044503, 467.8142109436303],
      [187.52555970974208, 464.4474841529991],
      [186.74919165050596, 458.5868454998872],
      [187.43422229100906, 457.01198594226025],
      [187.84524067530947, 456.3994993912456],
      [190.2656822717563, 457.7119423402846],
      [192.41211161199863, 454.2118591436274],
      [192.3207741932656, 453.94932253825846],
      [190.2656822717563, 447.9535826550082],
      [187.79957196594478, 447.29698037868275],
      [188.07358422214566, 440.94845555741176],
      [185.2421242413966, 439.2842933651664],
      [185.28779295076492, 438.97771854482016]
    ],
    [
      [48.00765259389118, 300.90833923384616],
      [50.33675677160318, 295.42954457251926],
      [54.30993448652043, 295.69469128529454],
      [55.36031480195925, 293.83857080636517],
      [57.8720938171391, 293.70598242341384],
      [54.17292835842272, 287.56149901914796],
      [60.06419186674975, 286.4561221489648],
      [60.79489121661936, 284.8200221610723],
      [59.105148970047594, 283.97979671945905],
      [62.621639591296116, 278.5835972275272],
      [62.712977010029135, 275.44233470551535],
      [66.59481730621519, 274.0706009005471],
      [68.74124664646115, 275.3095914985515],
      [68.92392148392719, 273.67233320243395],
      [71.39003178974053, 273.1855478794341],
      [68.42156568089013, 270.97269744005825],
      [69.10659632139505, 267.8299146583613],
      [73.53646112998285, 265.12927534587925],
      [77.09862046060152, 265.39493258472066],
      [75.36320950465779, 262.82672437777455],
      [77.23562658870287, 263.2695488591471],
      [77.96632593857066, 261.5424627540042],
      [75.81989659832834, 261.80818067446853],
      [76.23091498262875, 260.0366429064634],
      [79.47339334768003, 259.77089499527847],
      [85.13631330917269, 254.45499128587198],
      [88.56146651169183, 256.00564931036297],
      [94.5440674387537, 251.48616090253654],
      [93.95037421698362, 247.40864132398292],
      [97.60387096633531, 241.24602628099],
      [100.70934320328342, 242.04419955981484],
      [101.62271739062089, 244.03945463195123],
      [111.4414899045023, 241.6894609079891],
      [115.55167374752091, 238.0529257758035],
      [117.24141599409813, 238.40774692152172]
    ],
    [
      [153.45670252204036, 225.00765542008594],
      [152.77167188153908, 226.02859692526454],
      [159.43930344910405, 230.24482160371463],
      [159.71331570530674, 229.75668546625548],
      [159.34796603037103, 226.38369135303037],
      [161.76840762681786, 224.51935542580213],
      [166.9746404946418, 226.2505318897356],
      [169.57775692855648, 225.09643559488904],
      [169.48641950981983, 225.93982205545944]
    ],
    [
      [211.82131309292708, 54.58908632589737],
      [204.46865088485902, 49.47131587679178],
      [210.7709327774901, 47.72010244802004],
      [210.58825794002223, 42.10587251551806],
      [212.14099405849447, 40.3088786287135],
      [210.7709327774901, 38.5116710634702],
      [206.84342377193934, 38.64646904538495],
      [207.71112924990848, 36.80412585249269],
      [203.60094540688806, 35.590752738632546],
      [205.51903120029783, 33.25361127424367],
      [206.47807409700363, 27.454139702395878],
      [219.08263788226395, 32.48946731631804],
      [219.12830659163228, 32.48946731631804],
      [224.2432020407232, 30.916107932796876],
      [224.38020816882454, 28.668167064032787],
      [227.3030055683048, 27.499105421339664],
      [228.07937362754274, 28.308465439778047],
      [226.02428170603343, 29.4325045388905],
      [226.2982939622325, 31.77023766388902],
      [230.54548393335426, 33.837930556465835],
      [229.3124287804476, 36.53449580637243],
      [231.3675207019587, 38.24207149183894],
      [232.41790101739753, 39.14071802439321],
      [233.331275204735, 38.82619781733047],
      [233.55961875156754, 38.736333698576345],
      [233.7422935890354, 38.69140143878758],
      [234.79267390447603, 34.19750041318639],
      [234.3816555201738, 29.117782033258663],
      [237.25878421028756, 25.65540099493319],
      [242.4193483687468, 22.192224678322418],
      [255.1609182821103, 20.077946619374416],
      [258.5860714846258, 16.658485949355963],
      [260.18447631246636, 17.558419304460585],
      [261.0065130810708, 13.058214411090376],
      [263.15294242131495, 13.14823169743704],
      [261.14351920917034, 11.977964963882187],
      [261.0065130810708, 9.682177280344149],
      [267.62847593926926, 7.746240788728755],
      [267.7198133580023, 7.656191163818221],
      [268.17650045167284, 7.295987269862962],
      [275.66616878784225, 1.216244002314852],
      [276.07718717214266, 0.09009552691713907],
      [276.1685245908775, 0],
      [277.2645736156828, 1.1261552322457646],
      [285.3936038829888, 9.682177280344149],
      [289.6864625634771, 19.49309391408042],
      [281.5117635868046, 19.17816382026558],
      [281.46609487743626, 19.223154236828123],
      [277.76692941871806, 22.866931826180917],
      [277.31024232504933, 25.835284521402173],
      [272.65203396962715, 27.049442198925135],
      [273.2000584820289, 30.106887801735866],
      [270.7796168855839, 31.05097373576791],
      [266.94344529876616, 37.02881388113565],
      [248.31061187707382, 43.13904728867328],
      [245.43348318696007, 45.699219711812475],
      [245.43348318696007, 45.699219711812475],
      [248.08226833024128, 46.597423140719],
      [248.35628058644215, 48.169150849924335],
      [246.62086963050024, 49.24681265753861],
      [246.30118866493103, 53.42202774719863],
      [250.77672218288717, 52.29977123233766],
      [251.18774056718757, 55.57652721572322],
      [252.37512701072774, 55.53164493494751],
      [251.918439917059, 58.08972281633578],
      [253.1971637793322, 58.67308363252141],
      [251.5530902421233, 62.30736476865695],
      [246.48386350239707, 65.4025472561816],
      [244.97679609329134, 69.03521713998634],
      [243.789409649753, 69.39395219806738],
      [243.01304159051324, 69.57331654959671]
    ]
  ],
  "bbox": [0.6492009804242116, 0, 431.35079901957397, 487.9999999999991]
}
