{
  "type": "Topology",
  "objects": {
    "districts": {
      "type": "GeometryCollection",
      "geometries": [
        {
          "type": "Polygon",
          "arcs": [[0, 1, 2, 3, 4]],
          "properties": {
            "district": "Thiruvallur",
            "st_code": "33",
            "dt_code": "602",
            "year": "2011_c",
            "st_nm": "Tamil Nadu"
          }
        },
        {
          "type": "Polygon",
          "arcs": [[-1, 5, 6]],
          "properties": {
            "district": "Chennai",
            "st_code": "33",
            "dt_code": "603",
            "year": "2018",
            "st_nm": "Tamil Nadu"
          }
        },
        {
          "type": "Polygon",
          "arcs": [[7, 8, 9, 10]],
          "properties": {
            "district": "Krishnagiri",
            "st_code": "33",
            "dt_code": "631",
            "year": "2011_c",
            "st_nm": "Tamil Nadu"
          }
        },
        {
          "type": "Polygon",
          "arcs": [[-8, 11, 12, 13, 14, 15, 16, 17, 18]],
          "properties": {
            "district": "Tiruvannamalai",
            "st_code": "33",
            "dt_code": "606",
            "year": "2011_c",
            "st_nm": "Tamil Nadu"
          }
        },
        {
          "type": "Polygon",
          "arcs": [[-9, -19, 19, 20, 21]],
          "properties": {
            "district": "Dharmapuri",
            "st_code": "33",
            "dt_code": "630",
            "year": "2011_c",
            "st_nm": "Tamil Nadu"
          }
        },
        {
          "type": "Polygon",
          "arcs": [[-21, 22, 23, 24, 25, 26]],
          "properties": {
            "district": "Salem",
            "st_code": "33",
            "dt_code": "608",
            "year": "2011_c",
            "st_nm": "Tamil Nadu"
          }
        },
        {
          "type": "Polygon",
          "arcs": [[-27, 27, 28, 29, 30, 31, 32]],
          "properties": {
            "district": "Erode",
            "st_code": "33",
            "dt_code": "610",
            "year": "2011_c",
            "st_nm": "Tamil Nadu"
          }
        },
        {
          "type": "Polygon",
          "arcs": [[-32, 33, 34]],
          "properties": {
            "district": "Nilgiris",
            "st_code": "33",
            "dt_code": "611",
            "year": "2011_c",
            "st_nm": "Tamil Nadu"
          }
        },
        {
          "type": "Polygon",
          "arcs": [[-26, 35, 36, -28]],
          "properties": {
            "district": "Namakkal",
            "st_code": "33",
            "dt_code": "609",
            "year": "2011_c",
            "st_nm": "Tamil Nadu"
          }
        },
        {
          "type": "Polygon",
          "arcs": [[-24, 37, 38, 39, 40]],
          "properties": {
            "district": "Perambalur",
            "st_code": "33",
            "dt_code": "615",
            "year": "2011_c",
            "st_nm": "Tamil Nadu"
          }
        },
        {
          "type": "Polygon",
          "arcs": [[-31, 41, 42, -34]],
          "properties": {
            "district": "Coimbatore",
            "st_code": "33",
            "dt_code": "632",
            "year": "2011_c",
            "st_nm": "Tamil Nadu"
          }
        },
        {
          "type": "Polygon",
          "arcs": [[-25, -41, 43, 44, 45, 46, 47, 48, 49, -36]],
          "properties": {
            "district": "Tiruchirappalli",
            "st_code": "33",
            "dt_code": "614",
            "year": "2011_c",
            "st_nm": "Tamil Nadu"
          }
        },
        {
          "type": "Polygon",
          "arcs": [[-40, 50, 51, -44]],
          "properties": {
            "district": "Ariyalur",
            "st_code": "33",
            "dt_code": "616",
            "year": "2011_c",
            "st_nm": "Tamil Nadu"
          }
        },
        {
          "type": "Polygon",
          "arcs": [[-30, 52, 53, 54, -42]],
          "properties": {
            "district": "Tiruppur",
            "st_code": "33",
            "dt_code": "633",
            "year": "2011_c",
            "st_nm": "Tamil Nadu"
          }
        },
        {
          "type": "Polygon",
          "arcs": [[-45, -52, 55, 56, 57, 58, 59, 60]],
          "properties": {
            "district": "Thanjavur",
            "st_code": "33",
            "dt_code": "620",
            "year": "2011_c",
            "st_nm": "Tamil Nadu"
          }
        },
        {
          "type": "Polygon",
          "arcs": [[-29, -37, -50, 61, -53]],
          "properties": {
            "district": "Karur",
            "st_code": "33",
            "dt_code": "613",
            "year": "2011_c",
            "st_nm": "Tamil Nadu"
          }
        },
        {
          "type": "Polygon",
          "arcs": [[-58, 62, 63, 64]],
          "properties": {
            "district": "Thiruvarur",
            "st_code": "33",
            "dt_code": "619",
            "year": "2011_c",
            "st_nm": "Tamil Nadu"
          }
        },
        {
          "type": "Polygon",
          "arcs": [[-49, 65, 66, 67, -54, -62]],
          "properties": {
            "district": "Dindigul",
            "st_code": "33",
            "dt_code": "612",
            "year": "2011_c",
            "st_nm": "Tamil Nadu"
          }
        },
        {
          "type": "Polygon",
          "arcs": [[-48, 68, 69, 70, -66]],
          "properties": {
            "district": "Madurai",
            "st_code": "33",
            "dt_code": "623",
            "year": "2011_c",
            "st_nm": "Tamil Nadu"
          }
        },
        {
          "type": "Polygon",
          "arcs": [[-67, -71, 71, 72]],
          "properties": {
            "district": "Theni",
            "st_code": "33",
            "dt_code": "624",
            "year": "2011_c",
            "st_nm": "Tamil Nadu"
          }
        },
        {
          "type": "Polygon",
          "arcs": [[-70, 73, 74, 75, 76, 77, -72]],
          "properties": {
            "district": "Virudhunagar",
            "st_code": "33",
            "dt_code": "625",
            "year": "2011_c",
            "st_nm": "Tamil Nadu"
          }
        },
        {
          "type": "Polygon",
          "arcs": [[-76, 78, 79, 80, 81]],
          "properties": {
            "district": "Thoothukkudi",
            "st_code": "33",
            "dt_code": "627",
            "year": "2011_c",
            "st_nm": "Tamil Nadu"
          }
        },
        {
          "type": "Polygon",
          "arcs": [[82, 83]],
          "properties": {
            "district": "Kanyakumari",
            "st_code": "33",
            "dt_code": "629",
            "year": "2011_c",
            "st_nm": "Tamil Nadu"
          }
        },
        {
          "type": "Polygon",
          "arcs": [[-17, 84, 85, 86, 87], [88], [89]],
          "properties": {
            "district": "Viluppuram",
            "st_code": "33",
            "dt_code": "607",
            "year": "2019",
            "st_nm": "Tamil Nadu"
          }
        },
        {
          "type": "Polygon",
          "arcs": [[-39, 90, -87, 91, 92, -56, -51]],
          "properties": {
            "district": "Cuddalore",
            "st_code": "33",
            "dt_code": "617",
            "year": "2011_c",
            "st_nm": "Tamil Nadu"
          }
        },
        {
          "type": "Polygon",
          "arcs": [[-46, -61, 93, 94, 95]],
          "properties": {
            "district": "Pudukkottai",
            "st_code": "33",
            "dt_code": "621",
            "year": "2011_c",
            "st_nm": "Tamil Nadu"
          }
        },
        {
          "type": "Polygon",
          "arcs": [[-47, -96, 96, -74, -69]],
          "properties": {
            "district": "Sivaganga",
            "st_code": "33",
            "dt_code": "622",
            "year": "2011_c",
            "st_nm": "Tamil Nadu"
          }
        },
        {
          "type": "Polygon",
          "arcs": [[-75, -97, -95, 97, -79]],
          "properties": {
            "district": "Ramanathapuram",
            "st_code": "33",
            "dt_code": "626",
            "year": "2011_c",
            "st_nm": "Tamil Nadu"
          }
        },
        {
          "type": "MultiPolygon",
          "arcs": [[[-59, -65, 98]], [[-57, -93, 99, -63]]],
          "properties": {
            "district": "Nagapattinam",
            "st_code": "33",
            "dt_code": "618",
            "year": "2011_c",
            "st_nm": "Tamil Nadu"
          }
        },
        {
          "type": "Polygon",
          "arcs": [[-18, -88, -91, -38, -23, -20]],
          "properties": {
            "district": "Kallakurichi",
            "st_code": "33",
            "dt_code": "729",
            "year": "2019",
            "st_nm": "Tamil Nadu"
          }
        },
        {
          "type": "Polygon",
          "arcs": [[-77, -82, 100, 101]],
          "properties": {
            "district": "Tenkasi",
            "st_code": "33",
            "dt_code": "0",
            "year": "2019",
            "st_nm": "Tamil Nadu"
          }
        },
        {
          "type": "Polygon",
          "arcs": [[-81, 102, -84, 103, -101]],
          "properties": {
            "district": "Tirunelveli",
            "st_code": "33",
            "dt_code": "628",
            "year": "2019",
            "st_nm": "Tamil Nadu"
          }
        },
        {
          "type": "Polygon",
          "arcs": [[-13, 104, 105, 106]],
          "properties": {
            "district": "Vellore",
            "st_code": "33",
            "dt_code": "605",
            "year": "2019",
            "st_nm": "Tamil Nadu"
          }
        },
        {
          "type": "Polygon",
          "arcs": [[-4, 107, -14, -107, 108]],
          "properties": {
            "district": "Ranipet",
            "st_code": "33",
            "dt_code": "0",
            "year": "2019",
            "st_nm": "Tamil Nadu"
          }
        },
        {
          "type": "Polygon",
          "arcs": [[-11, 109, -105, -12]],
          "properties": {
            "district": "Tirupathur",
            "st_code": "33",
            "dt_code": "0",
            "year": "2019",
            "st_nm": "Tamil Nadu"
          }
        },
        {
          "type": "Polygon",
          "arcs": [[-3, 110, -15, -108]],
          "properties": {
            "district": "Kancheepuram",
            "st_code": "33",
            "dt_code": "604",
            "year": "2019",
            "st_nm": "Tamil Nadu"
          }
        },
        {
          "type": "Polygon",
          "arcs": [[-2, -7, 111, -85, -16, -111]],
          "properties": {
            "district": "Chengalpattu",
            "st_code": "33",
            "dt_code": "0",
            "year": "2019",
            "st_nm": "Tamil Nadu"
          }
        }
      ]
    }
  },
  "arcs": [
    [
      [391.6265954831115, 37.66655298515525],
      [386.3315770948684, 37.66655298515525],
      [382.97127696386815, 39.179932537831974],
      [381.4947814517627, 45.38370358546467],
      [381.6984360051556, 48.35887908423001],
      [376.5052448936094, 47.40081528658607]
    ],
    [
      [376.5052448936094, 47.40081528658607],
      [372.5848947407767, 47.24953827417494],
      [372.330326549034, 49.064794376345844]
    ],
    [
      [372.330326549034, 49.064794376345844],
      [369.17368097142935, 48.711839534820456],
      [367.3917036292305, 46.84612786377079],
      [364.8460217118072, 46.29142656590284],
      [359.8055715153059, 47.552091267501964],
      [360.2637942604433, 49.72026706427505],
      [355.7833940857754, 55.41702447632474],
      [352.47400759312313, 55.06417028259307],
      [349.72467112230606, 53.80393120332678],
      [349.47010293056337, 50.07320589006167],
      [346.9753346514872, 48.308455704726384]
    ],
    [
      [346.9753346514872, 48.308455704726384],
      [346.8225937364423, 45.43413361566468],
      [343.20772541369934, 45.887998721181475],
      [342.49493447681925, 44.627239350337504],
      [342.34219356177437, 35.497194076321875],
      [338.6764116006834, 36.203520480184125],
      [338.42184340894073, 34.58902675230934],
      [334.6033205328049, 32.62120193041892],
      [333.12682502069856, 37.414312944232734],
      [327.7299793557577, 38.17102439389805],
      [323.1986655427436, 37.61610520829299],
      [320.0929336034851, 37.96923721786061],
      [319.5328835816508, 40.8445300009314],
      [317.3945107710151, 42.105505074374605],
      [315.9180152589088, 38.27191728831622],
      [313.066851511393, 41.14717058809765],
      [313.2705060647877, 43.26553856277974],
      [307.26269673966635, 45.08112099273194],
      [304.51336026884746, 43.013362549256726],
      [302.83321020334733, 39.482595970934426]
    ],
    [
      [302.83321020334733, 39.482595970934426],
      [305.07341029067993, 40.44100276043969],
      [306.75356035618097, 38.77637482612772],
      [309.91020593378744, 38.77637482612772],
      [309.09558772021137, 35.74945611285693],
      [312.25223329781784, 33.22670529891457],
      [315.714360705515, 33.52945071181648],
      [317.6490789627569, 31.056907431711124],
      [317.5981653244098, 29.08876518259217],
      [314.5433470234984, 28.685021791289728],
      [314.13603791671085, 23.587118666843025],
      [312.8122833196512, 20.861017146256017],
      [321.26394728549985, 19.548327652410308],
      [324.9297292465908, 20.10370598011582],
      [325.1842974383335, 26.06050771053765],
      [328.1372884625471, 27.271861131477408],
      [330.93753857171214, 24.64717694987621],
      [336.6398660667437, 25.353853793078315],
      [337.75996611041046, 28.58408477745934],
      [340.76387077297113, 31.056907431711124],
      [341.9857980933348, 29.24016703080747],
      [344.3787390957132, 31.86429919023135],
      [347.43355739662366, 28.785958338674618],
      [342.1894526467295, 25.757658837909275],
      [345.09153003259325, 22.325077150732113],
      [347.12807556653206, 24.1423937317702],
      [349.36827565386557, 21.921208386995204],
      [359.34734877017036, 18.94244415810431],
      [361.68937613419985, 16.468243953974934],
      [360.0601397070486, 12.377618377749286],
      [363.0131307312604, 11.923056541807227],
      [362.9113034545635, 8.387247890730805],
      [366.01703539382197, 7.578981396954532],
      [367.6971854593221, 4.396136044838158],
      [367.849926374367, 2.1223854598181333],
      [372.0757583572922, 3.234027050112445],
      [372.1775856339891, 6.619125407754154],
      [378.03265404406557, 6.417044990900422],
      [385.05873613615586, 6.97276155678901],
      [386.4843180099142, 8.084151520411751],
      [388.419036267157, 2.2737367544323206e-13],
      [390.9647181845812, 6.012878444833177],
      [393.815881932097, 10.55931347156934],
      [395.597859274294, 22.224110663661577],
      [395.4960319975962, 25.404329833014117],
      [393.2558319102627, 33.78173536330041],
      [391.6265954831115, 37.66655298515525]
    ],
    [
      [391.6265954831115, 37.66655298515525],
      [391.117459099627, 42.15594257946327],
      [388.01172716036945, 56.122716143540174],
      [387.1461953084445, 63.27918932311445]
    ],
    [
      [387.1461953084445, 63.27918932311445],
      [383.5822406240495, 61.96901989743378],
      [381.3420405367169, 62.37215708727422],
      [381.8002632818534, 57.58443516257421],
      [380.2728541313991, 53.45105150484392],
      [377.3707767455344, 52.03947684949162],
      [376.5052448936094, 47.40081528658607]
    ],
    [
      [247.28643076514618, 116.88121993120467],
      [249.3229762990859, 120.19896734670874],
      [245.96267616808564, 124.16959839125775]
    ],
    [
      [245.96267616808564, 124.16959839125775],
      [244.07887154919172, 123.6670236530781],
      [241.32953507837283, 125.02395101407501],
      [239.14024862938822, 123.81779719278461],
      [236.18725760517555, 123.91831235337781],
      [234.09979843288784, 127.48632488371732],
      [231.45228923876584, 126.63206080508212],
      [231.91051198390323, 124.52139437268715],
      [224.88442989181112, 121.65661812418625],
      [224.37529350832574, 119.5455085149215],
      [221.67687067585666, 119.74657469555359],
      [219.89489333365964, 116.37849021577244],
      [217.09464322449276, 115.47354968692184],
      [214.03982492358318, 116.37849021577244],
      [213.6325158167956, 114.11607364626002],
      [211.2395748144172, 112.50711163653637],
      [212.15602030468835, 110.64661182209761],
      [210.52678387753713, 108.78596429705408],
      [208.5920656202943, 110.54604005900387],
      [206.25003825626482, 110.09346178306009],
      [205.23176548929496, 107.5286862675905],
      [203.14430631700725, 106.82458103069962],
      [201.8205517199458, 104.00794766841523],
      [202.99156540196054, 101.44250314190322],
      [200.85319259132484, 99.22895094124829],
      [199.3257834408696, 100.08421203320086],
      [194.94721054289948, 97.41770568840298],
      [193.06340592400556, 98.87677544606026],
      [191.68873768859703, 95.00249163586864],
      [189.19396940951992, 94.59993143696602],
      [186.59737385374865, 96.51202996003894],
      [183.79712374458086, 96.05917880678476],
      [188.17569664255097, 103.30373615123199],
      [186.29189202365615, 106.42222565154316],
      [186.19006474696016, 109.84202562935275],
      [184.30626012806624, 110.89803934173051],
      [179.06215537817116, 110.44546786428214],
      [179.77494631505124, 112.8590814938998],
      [178.70575990973248, 116.98176458725789],
      [177.07652348258034, 116.57958338914887],
      [174.47992792680725, 118.99256769315616],
      [172.69795058461114, 126.6823124826692],
      [169.79587319874736, 124.8229296343793],
      [168.5739458783837, 126.02903238807107]
    ],
    [
      [168.5739458783837, 126.02903238807107],
      [167.19927764297336, 123.86805482633281],
      [161.4460365095938, 122.20949665451553],
      [156.8638090582308, 121.55609336768748],
      [148.66671328412394, 122.56132172545745],
      [144.59362221624542, 121.20425335716868],
      [144.49179493954762, 118.18826701686567],
      [146.01920409000195, 114.92051334856455],
      [149.3795042210013, 115.02106637688644],
      [152.73980435200247, 112.6076749913475],
      [153.85990439566922, 109.94260041474377],
      [156.8638090582308, 107.67956320094959],
      [158.13665001694244, 98.9773975617386],
      [156.40558631309523, 97.46801996805402],
      [157.06746361162368, 94.90185224355423],
      [154.6236089708973, 93.94575615302642],
      [153.9617316723661, 88.71168570976943],
      [154.98000443933597, 84.93637619138894],
      [156.25284539804852, 83.77849004414611],
      [155.64188173786715, 80.30447985289265],
      [160.98781376445822, 78.79387574579641],
      [162.61705019161036, 80.90869348821843],
      [168.01389585654852, 79.70025021789002],
      [169.79587319874736, 77.63567811938265],
      [169.79587319874736, 74.91619981905433],
      [172.69795058461114, 72.19639585697018],
      [173.15617332974762, 63.78308031023312],
      [176.36373254570117, 62.120197191409716],
      [181.09870091210996, 62.17058939664548],
      [184.50991468146003, 60.25560608413457],
      [185.3245328950352, 61.918627240001115],
      [183.44072827614127, 64.99237264072167],
      [185.4772738100819, 66.30236605598657],
      [187.5647329823687, 65.4458405193734],
      [189.8049330697022, 66.4535142426214],
      [192.2997013487775, 65.59699445035062],
      [193.36888775409716, 63.682303015898924],
      [197.3401515452788, 64.84121465211547],
      [198.56207886564334, 66.85657112049512],
      [202.43151538012808, 70.03039256288025],
      [210.83226570762872, 71.94454565410297],
      [211.6468839212048, 77.13209555810295],
      [214.80352949880944, 77.23281296175264],
      [216.58550684100828, 79.95201451080447],
      [223.81524348649327, 84.08055294506994],
      [226.71732087235705, 83.87917812069122]
    ],
    [
      [226.71732087235705, 83.87917812069122],
      [226.66640723400815, 83.92952199286674],
      [226.25909812722057, 86.14454282735664],
      [227.4810254475833, 88.96335094265282],
      [226.97188906409974, 96.31076387495614],
      [229.9757937266595, 99.78235877599627],
      [228.75386640629677, 104.76243638854771],
      [230.79041194023557, 105.56719744456927],
      [235.0162439231608, 104.25944662252664],
      [240.36217594975187, 105.3157125975024],
      [241.7368441851604, 107.72985529564198],
      [244.5880079326762, 108.88654361979434],
      [244.2316124642366, 113.61328485474223],
      [243.21333969726766, 116.07684723685225],
      [247.28643076514618, 116.88121993120467]
    ],
    [
      [247.28643076514618, 116.88121993120467],
      [249.67937176752548, 115.82547513640247],
      [252.68327643008524, 112.75851921590515],
      [254.36342649558537, 106.52281514628385],
      [256.3490583911771, 105.36600978381375],
      [257.77464026493544, 102.29768274581647],
      [256.9091084130105, 100.3860613659374],
      [258.6401721168595, 98.37365831837064],
      [262.45869499299624, 91.73148683664294],
      [265.6153405706027, 83.32538821743356]
    ],
    [
      [265.6153405706027, 83.32538821743356],
      [268.5683315948154, 79.39812939762487],
      [270.2993952986635, 78.49174291192162],
      [275.5435000485577, 79.90166187453633],
      [278.59831834946635, 77.13209555810295],
      [280.0748138615727, 78.03853614791501],
      [283.68968218431564, 73.20376868263816],
      [289.5447505943912, 71.79343418846497],
      [293.05779164043724, 73.35487074617208],
      [296.010782664649, 73.25413614900503],
      [296.2144372180437, 69.77851825884636]
    ],
    [
      [296.2144372180437, 69.77851825884636],
      [300.03296009418136, 67.6626632717464],
      [303.189605671786, 70.5845061590785],
      [303.8514829703163, 73.15340110440957],
      [307.9754876765446, 74.51328646839124],
      [312.5068014895596, 78.2903187967197],
      [309.1465013585603, 79.85130912711588],
      [311.43761508424086, 83.77849004414611],
      [317.3945107710151, 79.95201451080447],
      [318.61643809137877, 77.3838882314783],
      [318.97283355981835, 71.03786173565936],
      [318.1582153462423, 69.87926831710342],
      [317.9036471544996, 64.43812172101252],
      [319.27831538990904, 61.767448589298965],
      [322.6895291592582, 63.32957892987042],
      [326.8644475038336, 63.63191419942132]
    ],
    [
      [326.8644475038336, 63.63191419942132],
      [329.155561229516, 65.29468557420569],
      [333.8396159575759, 67.15885905216578],
      [334.4505796177582, 70.88674421916289],
      [338.9818934307741, 70.5845061590785],
      [343.05498449865445, 73.45560489595209],
      [342.74950266856195, 77.88746522248312],
      [336.5889524283957, 80.35483160014087],
      [334.4505796177582, 80.00236703592805],
      [333.07591138234966, 83.52676791473459],
      [336.1307296832583, 86.89961465201941],
      [338.32001613224384, 86.19488172222759],
      [341.2730071564556, 87.45331820056026],
      [340.40747530453245, 90.82558809214356],
      [342.95315722195664, 92.38572489491844]
    ],
    [
      [342.95315722195664, 92.38572489491844],
      [344.0223436272745, 93.89543420984842],
      [343.462293605442, 99.12832991679102],
      [339.89833892104707, 101.6940298197303],
      [338.9309797924252, 104.00794766841523],
      [336.4871251516988, 104.76243638854771],
      [335.97798876821344, 107.0760496227349],
      [333.9414432342737, 109.13799003529266]
    ],
    [
      [333.9414432342737, 109.13799003529266],
      [330.1738339964859, 108.63509450223069],
      [324.16602467136454, 106.87487496568656],
      [322.2822200524706, 109.03741179329904],
      [317.3945107710151, 106.52281514628385],
      [317.13994257927243, 104.56124178465734],
      [314.28877883175755, 103.60554369445913],
      [312.6595424046054, 100.98974826259473],
      [306.3971648877423, 99.6817401512908],
      [304.97158301398395, 100.73821396223457],
      [299.2692555189524, 100.13452052782554],
      [297.79276000684695, 103.20313276749857],
      [299.72747826408886, 105.71808705156764],
      [298.556464582075, 106.97546251077961],
      [299.82930554078666, 111.14946416461021],
      [303.2914329484838, 111.55173827362387],
      [300.79666466940853, 115.22217114435603],
      [299.4219964339991, 115.47354968692184],
      [298.40372366703014, 122.31001863666097],
      [296.4180917714384, 125.12446106561947],
      [302.32407381986286, 128.79278710305516],
      [300.7457510310587, 132.6112662177095],
      [298.556464582075, 134.4700417672284],
      [295.55255991951344, 133.71650151579252],
      [293.10870527878615, 137.23281995708908]
    ],
    [
      [293.10870527878615, 137.23281995708908],
      [290.86850519145264, 135.97705115251097],
      [288.9847005725587, 138.23738770392788],
      [284.9116095046793, 137.13236087100677],
      [286.59175957018033, 133.76673827061313],
      [285.4716595265136, 132.71174426468087],
      [282.5695821406489, 136.68028978028929],
      [280.7366911601039, 134.16862851306905],
      [274.47431364323893, 133.8169749199742],
      [270.4521362137093, 138.6392030414595],
      [266.93909516766416, 137.58442344815376],
      [263.578795036663, 139.29213864083135],
      [260.880372204193, 138.1871603143386],
      [253.34515372861551, 141.3512810233833]
    ],
    [
      [253.34515372861551, 141.3512810233833],
      [251.61409002476648, 140.5979566776466],
      [252.63236279173816, 135.72588950218983],
      [254.77073560237386, 129.797709283823],
      [254.36342649558537, 128.5415499355604],
      [248.8647535539494, 130.75234612728673],
      [245.75902161469185, 127.88832089528273],
      [247.18460348844928, 125.27522534517834],
      [245.96267616808564, 124.16959839125775]
    ],
    [
      [253.34515372861551, 141.3512810233833],
      [252.22505368494967, 145.36861358480473],
      [253.9052037504498, 147.12598663752124],
      [252.53053551504036, 149.03384734806195],
      [248.35561717046403, 149.2848704813773],
      [245.40262614625135, 151.59416160065462]
    ],
    [
      [245.40262614625135, 151.59416160065462],
      [242.70420331378318, 155.76037180660637],
      [238.42745769250814, 157.16567986479618],
      [232.7251301974784, 156.2120867819433],
      [229.16117551308434, 154.2545948578645],
      [228.49929821455407, 152.246747603956],
      [225.9027026587819, 151.24276188699173],
      [224.12072531658305, 155.05768745863566],
      [221.32047520741708, 158.47053646563563],
      [219.38575695017425, 157.96867677655814],
      [222.79697071952432, 150.59014894630104],
      [218.87662056668978, 148.38117504870047],
      [218.5711387365991, 145.97115586236237],
      [213.12337943331113, 145.26818841275986],
      [211.1886611760674, 141.80326432615266],
      [203.75526997718953, 142.7574234757933],
      [196.52553333170272, 145.418826014464],
      [194.08167869097633, 145.61967469080355],
      [188.83757394108216, 149.03384734806195],
      [183.44072827614127, 149.03384734806195],
      [178.96032810147517, 147.4774459446262],
      [176.36373254570117, 148.78282161835978],
      [169.94861411379225, 147.9795218279021],
      [167.86115494150363, 145.36861358480473],
      [162.36248199986767, 144.21369892163375]
    ],
    [
      [162.36248199986767, 144.21369892163375],
      [164.14445934206378, 138.5387498368666],
      [166.94470945123248, 134.31933561445658],
      [169.33765045360997, 132.81222188936817],
      [171.068714157459, 129.34549954594536],
      [168.5739458783837, 126.02903238807107]
    ],
    [
      [245.40262614625135, 151.59416160065462],
      [251.2576945563278, 153.20049568083505],
      [251.15586727963182, 157.41661923128186],
      [248.7629262772516, 158.06904953755338],
      [246.8282080200106, 160.62841597887973],
      [246.36998527487322, 164.79308893469442],
      [247.69373987193376, 165.2948091765452],
      [247.38825804184307, 169.60918212566457],
      [248.25378989376713, 171.3648160437324],
      [251.86865821650917, 167.45208988109857],
      [253.39606736696533, 168.20458530291307],
      [258.8438266702533, 166.39855775880824],
      [260.9312858425401, 167.75309080081706],
      [261.0840267575868, 170.16096619936275],
      [259.45479033043466, 171.2644974577206],
      [259.3529630537387, 174.4243380522637],
      [262.9678313764816, 177.6840700852623],
      [262.00047224785885, 179.13827451753093],
      [264.29158597354035, 182.49766455666963]
    ],
    [
      [264.29158597354035, 182.49766455666963],
      [261.4404222260255, 183.85132116613306],
      [259.60753124548137, 188.66373150666027],
      [262.25504043960154, 189.9168123687565],
      [260.47306309740543, 194.778177649555],
      [259.30204941538886, 194.17682225882072],
      [255.43261290090413, 189.0146004262167],
      [251.7668309398141, 188.46323278771115],
      [250.79947181119132, 190.2676638538353],
      [247.54099895688887, 191.47054621265488],
      [248.61018536220672, 195.78040493560604]
    ],
    [
      [248.61018536220672, 195.78040493560604],
      [246.6754671049639, 198.58643086739244],
      [243.46790788900944, 198.8870581332086],
      [240.56583050314657, 200.99134962417918],
      [238.98750771434334, 200.59054559489596],
      [238.98750771434334, 197.1333489847367],
      [236.39091215856934, 196.0810654000685],
      [235.2198984765555, 193.7257963480606],
      [233.13243930426688, 192.77360414956263]
    ],
    [
      [233.13243930426688, 192.77360414956263],
      [229.77213917326662, 193.42510794462328],
      [229.87396644996443, 190.6686310072256],
      [228.44838457620517, 186.65867247130961],
      [229.31391642812923, 184.6534535664989],
      [232.01233926060013, 182.74834722289768],
      [230.4849301101449, 180.64253480914624],
      [230.1285346417053, 175.8787327748537],
      [222.59331616612963, 177.5837769993592],
      [219.48758422687206, 181.69546316226115],
      [217.14555686284075, 176.63097255460502],
      [214.44713403037076, 177.53363030511264],
      [211.95236575129456, 179.84027392380858],
      [208.9993747270828, 178.7872674135823],
      [204.72262910580957, 181.0937952443021],
      [197.64563337536947, 180.24140758530382],
      [197.2383242685819, 182.5478012905993],
      [194.4889877977639, 183.19956970197688],
      [193.01249228565757, 181.84587788157592],
      [188.73574666438435, 181.79573974223274],
      [188.22661028089988, 187.3604613016994],
      [183.59346919118616, 188.8141044989069],
      [181.81149184899004, 191.62090247965727],
      [177.78931441945952, 192.1220835760654],
      [175.03997794864154, 189.06472415884855],
      [169.79587319874736, 188.91435266192752],
      [167.25019128132226, 189.4657104323229],
      [164.19537298041269, 187.7113483773761]
    ],
    [
      [164.19537298041269, 187.7113483773761],
      [167.19927764297336, 183.65078405842394],
      [166.53740034444309, 181.49490879703762],
      [168.5230322400339, 178.23567484769058],
      [167.65750038810984, 175.3270758213979],
      [169.84678683709535, 171.16417846560284],
      [168.7266867934286, 169.9101567818209],
      [165.77369576921592, 171.2143380124271],
      [163.5334956818824, 170.96353926288134],
      [164.2462866187616, 163.53874360447185],
      [166.4355730677471, 158.21960790724984],
      [165.41730030077633, 156.86454922586677],
      [161.4969501479436, 155.60979829165058],
      [161.14055467950402, 150.79095479397574],
      [163.17710021344283, 150.891357095765],
      [162.36248199986767, 144.21369892163375]
    ],
    [
      [164.19537298041269, 187.7113483773761],
      [162.97344566004995, 191.37030820424695],
      [166.0282639609577, 195.3795187739555],
      [168.21755040994321, 196.63226700188295],
      [174.02170518166986, 205.34968727050648],
      [176.61830073744386, 205.80050740362685],
      [178.96032810147517, 207.70388278668497],
      [178.60393263303467, 212.2113147326295],
      [180.5895645286264, 215.1657590544238],
      [181.20052818880777, 221.9747197995457],
      [184.8153965115498, 222.82571446001248]
    ],
    [
      [184.8153965115498, 222.82571446001248],
      [183.89895102127866, 224.6277290992325],
      [180.2840826985348, 226.8800725247081],
      [175.8545961622167, 224.82794526615203],
      [174.78540975689884, 222.82571446001248],
      [171.1705414341559, 223.8769047951115]
    ],
    [
      [171.1705414341559, 223.8769047951115],
      [167.81024130315564, 221.47412171392807],
      [161.08964104115603, 219.82207968154842],
      [157.16929088832148, 217.76939624973716],
      [152.1288406918202, 219.37150453924642],
      [147.03747685697272, 219.52169712178306],
      [145.86646317495615, 213.11270646612593],
      [147.95392234724477, 212.4116267288789],
      [147.03747685697272, 208.95602645635438],
      [143.82991764101735, 206.05095960555263],
      [144.8481904079872, 202.19372392766604],
      [139.9095674881837, 201.44224662777413],
      [137.05840374066793, 200.39014121722948],
      [132.57800356600183, 200.84104885152635],
      [133.59627633297077, 204.3979298134583],
      [128.3521715830766, 203.0453714643819],
      [122.39527589630325, 197.7346343195385],
      [117.96578935998514, 200.84104885152635],
      [116.18381201778811, 199.137578141973]
    ],
    [
      [116.18381201778811, 199.137578141973],
      [113.38356190862123, 195.32940755826326],
      [107.32483894515099, 193.2246470248134],
      [104.5245888359841, 196.2313942965941],
      [100.14601593801399, 194.778177649555]
    ],
    [
      [100.14601593801399, 194.778177649555],
      [101.67342508846923, 193.32487768316503],
      [101.87707964186211, 189.86669032976044],
      [104.42276155928812, 188.8141044989069],
      [102.58987057874128, 186.20751216826307],
      [104.4736751976352, 182.39739078774585],
      [99.89144774627039, 178.18552946429054],
      [95.0037384648167, 177.38318961712048],
      [90.5742519284995, 177.63392359274235],
      [89.96328826831723, 176.12948189333304]
    ],
    [
      [89.96328826831723, 176.12948189333304],
      [88.89410186299847, 172.06703477836788],
      [90.268770098407, 167.90358988503795],
      [93.57815659105927, 163.68926841953612],
      [95.36013393325538, 158.21960790724984],
      [100.70606595984827, 159.82550625950944],
      [101.87707964186211, 157.71774307290343],
      [104.4736751976352, 156.46303593718062],
      [106.71387528496962, 158.31997963924505],
      [110.58331179945435, 163.13733959451133],
      [113.12899371687945, 162.93663513265028],
      [113.02716644018165, 160.1266004848353],
      [119.84959397887906, 158.47053646563563],
      [124.17725323850118, 158.26979382469108],
      [125.14461236712123, 156.61360419336552],
      [129.01404888160778, 156.9649265175908],
      [132.62891720434982, 160.3273279144671],
      [137.873021954244, 159.02257024281175],
      [140.72418570175978, 160.7287778458433],
      [142.6079903206537, 158.11923576368713],
      [143.98265855606314, 151.09216045545736],
      [146.17194500504866, 148.07993575679325],
      [146.37559955844154, 145.16776282371097],
      [150.34686334962407, 145.97115586236237],
      [152.3324952452149, 145.11754987279755],
      [156.15101812135254, 145.46903833988836],
      [162.36248199986767, 144.21369892163375]
    ],
    [
      [100.14601593801399, 194.778177649555],
      [97.85490221233158, 197.0832412312567],
      [94.80008391142292, 197.83484715907048],
      [93.83272478280196, 196.4819404791325],
      [90.268770098407, 198.7868494392335],
      [91.28704286537686, 201.74284020294238],
      [89.55597916152783, 203.44613695313365],
      [85.737456285392, 203.0453714643819],
      [84.87192443346794, 204.29774275912962],
      [79.98421515201244, 207.15292022707786],
      [77.64218778798295, 207.65379577000124]
    ],
    [
      [77.64218778798295, 207.65379577000124],
      [70.92158752598243, 211.7606070509978],
      [68.47773288525423, 211.4601308847848],
      [62.62266447517868, 212.56185970506476],
      [59.6187598126171, 210.25819116789262],
      [55.240186914646074, 210.75900620136656],
      [55.59658238308566, 207.75396970564384],
      [61.55347806985992, 204.948951601379],
      [63.38636905040585, 202.64459969013876],
      [63.84459179554233, 197.0832412312567],
      [56.20754604326885, 194.4273887392942],
      [48.21410482255578, 188.41310785866222],
      [44.49740922311594, 188.61360697650014],
      [40.831627262025904, 186.05712360139034],
      [39.151477196524866, 186.20751216826307],
      [37.013104385888255, 182.24697938162342],
      [36.402140725705976, 178.4864002528252],
      [40.37340451688851, 175.52767976498524],
      [42.40995005082732, 178.18552946429054],
      [45.36294107504, 175.97903272534109],
      [49.02872303613185, 175.4273779953736],
      [49.894254888055, 172.96985822373688],
      [53.30546865740507, 172.61876412079278],
      [55.902064213178164, 169.8599945933297],
      [60.68794621793495, 166.24804949776194],
      [63.08088722031425, 167.65275756854203],
      [65.77931005278333, 174.02311074340264],
      [69.59783292892098, 174.92586308100215],
      [74.63828312542046, 174.22372520756937],
      [87.87582909602861, 174.87571103336188],
      [89.96328826831723, 176.12948189333304]
    ],
    [
      [233.13243930426688, 192.77360414956263],
      [231.24863468537296, 195.47974090831872],
      [229.7212255349168, 199.48830201244812],
      [230.94315285528046, 200.18973526376794],
      [227.53193908593312, 210.20810912859827],
      [223.96798440153816, 212.4116267288789],
      [223.96798440153816, 216.4175403817361],
      [220.8622524622806, 217.11851148785308],
      [220.09854788705343, 219.72195254754888],
      [221.32047520741708, 222.87577210380687],
      [218.97844784338668, 223.92696042084742],
      [210.73043843093183, 220.62308286580276],
      [211.2395748144172, 223.32628657182954],
      [206.6573473630524, 222.87577210380687],
      [207.67562013002225, 227.08027144026062],
      [205.07902457424825, 227.88105179159106]
    ],
    [
      [205.07902457424825, 227.88105179159106],
      [199.5803516326123, 222.3251327326857],
      [195.45634692638487, 222.47530826082163],
      [193.06340592400556, 220.97351399877073],
      [189.8558467080511, 220.47289664888058],
      [185.98641019356637, 223.22617291845756],
      [184.8153965115498, 222.82571446001248]
    ],
    [
      [264.29158597354035, 182.49766455666963],
      [267.29549063610193, 183.85132116613306]
    ],
    [
      [267.29549063610193, 183.85132116613306],
      [274.6779681966336, 192.97406864225547],
      [280.83851843679986, 194.02648118096408],
      [282.8750639707405, 193.2246470248134],
      [288.57739146577114, 193.77591073480073],
      [292.70139617199857, 195.3795187739555]
    ],
    [
      [292.70139617199857, 195.3795187739555],
      [291.7340370433776, 198.93716233222779],
      [289.4429233176943, 199.48830201244812],
      [287.5082050604524, 204.99904390301003],
      [288.6792187424662, 206.9024787890636],
      [286.6426732085274, 208.50526176642643],
      [286.18445046339093, 211.25981149400047],
      [282.8241503323916, 217.51905789092984],
      [284.04607765275523, 219.27137566832846],
      [282.7732366940427, 221.47412171392807],
      [280.78760479845187, 221.62430215047812],
      [278.54740471111745, 223.82684907332884]
    ],
    [
      [278.54740471111745, 223.82684907332884],
      [275.74715460195057, 220.67314474533669],
      [271.62314989572405, 221.0736363124147],
      [268.924727063255, 220.1725216121116],
      [261.1858540342828, 222.02477907868297],
      [261.4913358643753, 219.12118163800938],
      [257.11276296640517, 218.37019845075451],
      [254.87256287907167, 219.67188883583594],
      [255.53444017760194, 222.3251327326857],
      [251.919571854859, 222.97588710295008],
      [250.13759451266105, 217.46898992907097],
      [249.62845812917658, 211.7606070509978],
      [251.6650036631163, 212.0610797142573],
      [252.93784462182794, 210.0077799967121],
      [252.68327643008524, 206.9024787890636],
      [255.17804470916144, 202.89508278576432],
      [254.71982196402496, 200.28993843749436],
      [247.99922170202444, 199.3379923738346],
      [248.61018536220672, 195.78040493560604]
    ],
    [
      [116.18381201778811, 199.137578141973],
      [116.4892938478788, 201.7929387878945],
      [113.79087101540881, 203.2457549942776],
      [117.71122116824245, 205.19941212950982],
      [117.40573933815176, 214.1142159157614],
      [121.58065768272809, 216.56775007295494],
      [124.58456234528876, 216.81809762229204],
      [126.31562604913779, 218.92092157933723],
      [118.06761663668294, 223.07600171753506],
      [118.984062126955, 225.87905496402095],
      [116.79477567796948, 229.28235851069292],
      [118.984062126955, 235.58731399102544],
      [121.78431223612188, 237.73866005357763],
      [124.99187145207634, 237.53854222431073],
      [126.01014421904529, 242.29093237008226],
      [128.2503443063788, 243.34134590239614],
      [129.06496251995577, 245.69212123981708],
      [125.55192147391062, 248.94285224610962],
      [123.464462301622, 248.84283564823807],
      [120.51147127740933, 246.59236328336715],
      [117.40573933815176, 247.44256400584152],
      [115.06371197412045, 251.29313477760957],
      [115.67467563430273, 257.4928934032662],
      [116.6420347629246, 260.14235547765327],
      [119.18771668034879, 260.74219766130557],
      [117.15117114640907, 266.0402278127309],
      [112.26346186495448, 265.8403208888941],
      [110.43057088440946, 267.0897151032807],
      [109.71777994752938, 269.93812002607194],
      [110.17600269266677, 273.23590263980054],
      [108.49585262716664, 275.4841635650628],
      [109.76869358587919, 276.783075009487],
      [106.96844347671049, 279.9801348116564],
      [110.88879362954503, 284.32554544058075],
      [110.02326177762188, 288.0211067568695],
      [111.24518909798553, 289.9685702781883]
    ],
    [
      [111.24518909798553, 289.9685702781883],
      [108.24128443542395, 292.4151910959529],
      [107.83397532863546, 294.46219944212055],
      [101.978906918559, 298.15642243934803],
      [98.05855676572628, 296.7586653614452],
      [95.51287484830209, 297.0082699265205],
      [94.34186116628644, 294.6119746781951],
      [88.48679275621089, 290.9672168601031],
      [90.11602918336212, 285.2744526166754],
      [87.9267427343766, 282.87715092114775],
      [87.26486543584724, 280.329790776447],
      [88.33405184116509, 277.9820158402233],
      [89.25049733143805, 264.9907000891901],
      [87.41760635089213, 264.3909517894956],
      [87.11212452080144, 261.4919817150686],
      [93.0690202075748, 261.14208507135004],
      [91.64343833381554, 257.14294502764733],
      [94.9528248264678, 250.14302227597204],
      [94.69825663472693, 246.14224605804816],
      [91.99983380225603, 246.04221897697448],
      [88.58862003290778, 240.59017480151283],
      [84.10821985824077, 238.73922650032216],
      [80.59517881219472, 238.43906053742137],
      [73.56909672010352, 235.23707827983412],
      [74.23097401863288, 231.88458675139884],
      [78.55863327825591, 225.4786372081794],
      [81.20614247237609, 224.0270713842035],
      [81.35888338742097, 217.06844275215963],
      [77.64218778798295, 216.4175403817361],
      [76.72574229770908, 214.21436472472521],
      [79.78056059861956, 211.81068607143732],
      [80.23878334375422, 209.8575321242066],
      [77.64218778798295, 207.65379577000124]
    ],
    [
      [278.54740471111745, 223.82684907332884],
      [279.10745473295174, 228.1813381105727],
      [276.81634100727024, 228.9820848053747],
      [276.15446370873997, 231.68442449826716],
      [272.9469044927837, 231.4342195389945],
      [278.1910092426788, 235.98757768542282],
      [278.39466379607256, 238.48908843421668]
    ],
    [
      [278.39466379607256, 238.48908843421668],
      [273.1505590461793, 238.93933525207126],
      [271.31766806563246, 240.9903628540659],
      [265.1062041871173, 243.04123198372383],
      [266.53178606087386, 244.5917841398467],
      [266.2263042307841, 253.89320747257602],
      [266.93909516766416, 255.24314605320353]
    ],
    [
      [266.93909516766416, 255.24314605320353],
      [266.83726789096636, 256.7929921144855],
      [262.30595407795045, 256.19306227295147],
      [259.70935852217644, 260.1923428337808],
      [256.9091084130105, 259.89241731251366],
      [254.92347651741966, 254.44319062270074],
      [250.85038544954023, 252.643203934569],
      [251.2067809179789, 256.49302886177736],
      [248.8647535539494, 258.19277654896496],
      [248.20287625541914, 255.29314247859804],
      [245.45353978460025, 255.39313505101154],
      [242.4496351220405, 259.3925340576591],
      [240.05669411966028, 259.2425672802118],
      [238.78385316094773, 256.9429724901423],
      [236.33999852022134, 258.04280311581374],
      [236.69639398866093, 262.04181017549536],
      [232.82695747417438, 261.1920705826959],
      [230.79041194023557, 263.59126681286796],
      [231.65594379216054, 269.83818101982615],
      [233.13243930426688, 270.0380586671864],
      [236.03451669013066, 275.03452609028545],
      [238.68202588425083, 272.23661647675465],
      [242.144153291948, 275.7839177993301],
      [241.58410327011552, 278.23178861965914],
      [239.7002986512216, 279.58052257972963],
      [236.33999852022134, 279.13095191151035],
      [234.812589369767, 284.52531806525576]
    ],
    [
      [234.812589369767, 284.52531806525576],
      [234.863503008115, 283.42655084408443],
      [229.9248800883115, 281.52857767887656],
      [228.80478004464567, 285.6739827902304],
      [226.97188906409974, 285.6739827902304],
      [223.76432984814437, 290.36803319128217]
    ],
    [
      [223.76432984814437, 290.36803319128217],
      [219.79306605696183, 291.21687293405773]
    ],
    [
      [219.79306605696183, 291.21687293405773],
      [220.20037516375032, 289.0198229694852],
      [215.05809769055213, 284.82497430894125],
      [218.2147432681595, 278.88118726764446],
      [211.1377475377194, 276.13362694674925],
      [208.6938928969921, 275.833876520962],
      [207.42105193827956, 273.4357555058226],
      [208.13384287515964, 269.338480510179]
    ],
    [
      [208.13384287515964, 269.338480510179],
      [211.90145211294657, 268.68885619082846],
      [213.6325158167956, 266.4900130283055],
      [213.8361703701894, 262.29172851865906],
      [216.2291113725687, 255.59311908247616],
      [218.3165705448564, 255.59311908247616],
      [220.8113388239317, 253.84320844685521],
      [223.66250257144839, 253.44321289468087],
      [226.20818448887167, 258.04280311581374],
      [232.16508017564502, 255.39313505101154],
      [235.83086213673596, 255.09315622020495],
      [240.15852139635808, 252.1431862370473],
      [241.22770780167684, 242.39097354198157],
      [238.78385316094773, 239.93985634106627],
      [234.55802117802432, 239.08941582377474],
      [228.09198910776558, 233.73601541503365],
      [225.85178902043208, 232.53510355446167],
      [220.505856993841, 232.53510355446167],
      [212.51241577312794, 231.83454633095323],
      [208.744806535341, 232.7352593352199],
      [206.5046064480075, 230.73363298106835],
      [205.07902457424825, 227.88105179159106]
    ],
    [
      [292.70139617199857, 195.3795187739555],
      [297.64001909180115, 194.17682225882072],
      [303.9023966086661, 195.078849994483],
      [303.5460011402265, 192.37267039837036],
      [310.0629468488323, 191.82137611073813],
      [311.64126963763647, 192.62325473761427],
      [311.99766510607606, 196.38172230283692],
      [319.38014266660593, 201.09154964715037],
      [321.51851547724254, 201.1416495110119],
      [322.5877018825613, 208.75568757034773],
      [321.82399730733323, 210.95932948703],
      [318.0563880695463, 215.66647885208022]
    ],
    [
      [318.0563880695463, 215.66647885208022],
      [315.6634470671661, 218.2700657170036],
      [312.8631969580001, 223.12605888063115],
      [309.24832863525717, 224.67778328490112],
      [305.2261512057248, 227.4806646774374],
      [303.4441738635287, 227.78095558694167],
      [297.43636453840736, 233.83608893180656],
      [290.35936880796726, 234.386486481705],
      [284.6570413129366, 235.98757768542282],
      [283.53694126926985, 238.13889117119868],
      [280.83851843679986, 239.13944249206293],
      [278.39466379607256, 238.48908843421668]
    ],
    [
      [171.1705414341559, 223.8769047951115],
      [172.49429603121644, 226.12931294650775],
      [171.57785054094347, 229.18226765758436],
      [168.9303413468224, 230.73363298106835],
      [170.61049141232252, 232.43502509321456],
      [169.74495956039755, 237.63860132818297],
      [170.81414596571722, 239.98988140416623],
      [176.10916435395848, 243.54141996752173],
      [179.41855084661074, 243.29132715105436],
      [180.02951450679302, 247.79263879198766],
      [179.41855084661074, 249.34291490000544],
      [173.10525969139871, 246.3422990953619],
      [170.6614050506705, 249.7429715757446],
      [175.600027970474, 251.3431385500444],
      [175.3454597787313, 254.34319452245143],
      [173.91987790497478, 257.4429010559195]
    ],
    [
      [173.91987790497478, 257.4429010559195],
      [172.23972783947374, 257.042958944121],
      [169.13399590021618, 258.59270163465385],
      [166.94470945123248, 261.9418421935842],
      [164.34811389545848, 259.0925996712871],
      [165.00999119398875, 254.29319633299167],
      [164.0935457037158, 252.59320258370644],
      [161.3951228712458, 254.29319633299167],
      [160.63141829601864, 258.09279435270093],
      [158.9512682305176, 258.4927209180537],
      [154.5217816942004, 257.1929379305027],
      [151.31422247824503, 261.14208507135004],
      [150.75417245641165, 263.74120953812746],
      [148.41214509238125, 263.49130453634984],
      [147.3938723254114, 260.8421700671016],
      [145.45915406816857, 260.1923428337808],
      [139.80774021148682, 262.3417119110576],
      [136.90566282562304, 265.490480241324],
      [135.5309945902136, 269.03865582017215],
      [136.34561280378966, 271.23729389527887],
      [137.00749010231993, 277.9820158402233],
      [132.42526265095512, 277.432507764579],
      [131.30516260728928, 280.87924121931235],
      [130.94876713884878, 286.3731467874485],
      [134.10541271645616, 293.4636774468827],
      [132.11978082086534, 293.76323777580114],
      [128.5049124981224, 297.2578722791392]
    ],
    [
      [128.5049124981224, 297.2578722791392],
      [126.46836696418268, 297.0082699265205],
      [126.36653968748578, 294.46219944212055],
      [123.26080774822822, 289.91863701260945],
      [123.87177140840959, 286.5729047036192],
      [118.72949393521321, 286.07350722536023],
      [113.84178465375771, 289.66896934621616],
      [111.24518909798553, 289.9685702781883]
    ],
    [
      [318.0563880695463, 215.66647885208022],
      [324.01328375631874, 212.71209180626033]
    ],
    [
      [324.01328375631874, 212.71209180626033],
      [326.30439748200115, 217.71932877135703],
      [324.2678519480596, 224.07712672183322],
      [322.6386155209084, 225.32847896786313],
      [324.42059286310723, 228.08124305336605],
      [323.0459246276969, 231.73446520439234]
    ],
    [
      [323.0459246276969, 231.73446520439234],
      [321.77308366898524, 234.2363791987725],
      [320.4493290719247, 240.69022238043237],
      [317.8018198778036, 241.1404318181327],
      [312.04857874442405, 238.28897627979597],
      [309.35015591195497, 237.93877636909724],
      [303.4950875018776, 234.58662819624794],
      [301.7640237980295, 238.0388339593036],
      [301.9167647130753, 240.34005420362837],
      [303.8005693319683, 241.1404318181327],
      [304.36061935380167, 244.29168431820642],
      [308.8919331668176, 247.39255294772624],
      [308.0264013148935, 252.19318842575183],
      [304.92066937563504, 254.24319805063465],
      [305.78620122756, 259.2425672802118],
      [309.24832863525717, 260.64222488658413],
      [308.2809695066362, 265.290569281658],
      [309.55381046534785, 266.4900130283055],
      [312.9141105963472, 266.63993978381916],
      [316.37623800404526, 271.3871946057943],
      [318.97283355981835, 272.4864414301351],
      [320.194760880182, 274.43499802111126],
      [319.22740175156105, 279.3807142969755],
      [317.6999926011058, 279.3807142969755],
      [319.5328835816508, 284.87491670206487],
      [321.77308366898524, 285.124627321617]
    ],
    [
      [321.77308366898524, 285.124627321617],
      [319.6347108583486, 286.72272220023945],
      [319.22740175156105, 289.86870365780464]
    ],
    [
      [319.22740175156105, 289.86870365780464],
      [311.1830468924991, 289.86870365780464],
      [310.01203321048433, 291.8160384252743],
      [304.2587920771048, 294.36234884094745],
      [301.3058010528921, 297.5573921827455],
      [302.32407381986286, 298.7554399691845],
      [299.523823710696, 301.25120954991735],
      [297.84367364519494, 305.7430404305188]
    ],
    [
      [297.84367364519494, 305.7430404305188],
      [295.70530083455924, 303.84657638070837],
      [291.2249006598922, 303.6968501388658],
      [292.0395188734674, 300.5524162866441],
      [291.12307338319533, 298.70552232757416],
      [288.11916872063375, 297.108111133026],
      [289.5956642327401, 294.36234884094745],
      [288.37373691237644, 292.2654041297235],
      [289.5956642327401, 290.4678980276491],
      [288.57739146577114, 287.92123316901063],
      [291.32672793659003, 286.87253889086355],
      [289.5447505943912, 280.22988952336186],
      [291.8867779584225, 275.833876520962],
      [290.25754153127036, 272.3865117218802],
      [291.8358643200736, 270.5377463972243],
      [294.1269780457551, 270.1379969432104],
      [293.4651007472248, 265.8902977573989],
      [290.35936880796726, 265.69038973312854],
      [289.3410960409983, 261.54196658122896],
      [286.7954141235732, 261.99182623059073],
      [283.74059582266455, 260.3423043484564],
      [283.79150946101254, 258.39273983160047],
      [280.5330366067101, 257.392908616],
      [277.4273046674516, 253.79320932819041],
      [276.8672546456173, 257.5928778202657],
      [270.9103589588449, 258.342749149665],
      [266.93909516766416, 255.24314605320353]
    ],
    [
      [208.13384287515964, 269.338480510179],
      [206.4027791713097, 268.1891346641911],
      [202.83882448691566, 267.9392704713232],
      [202.58425629517296, 264.8907429574115],
      [205.12993821259806, 263.3913418920414],
      [203.39887450874994, 260.1923428337808],
      [203.90801089223442, 252.1431862370473],
      [206.4536928096586, 245.84216368978434],
      [199.83491982435498, 246.3923121203802],
      [199.22395616417361, 249.79297824000457],
      [196.7801015234445, 248.9928604048681],
      [190.5686376449312, 249.14288432049284],
      [189.19396940951992, 250.44305638130356],
      [185.98641019356637, 249.69296481811728],
      [184.61174195815693, 251.84317114913733],
      [190.51772400658137, 251.9431765509869],
      [191.99421951868771, 253.99320524520772],
      [191.17960130511074, 257.89282885007333],
      [188.0229557275061, 258.19277654896496],
      [187.15742387558112, 261.0920994678139],
      [180.3859099752326, 260.2423300976211],
      [179.52037812330855, 261.54196658122896],
      [175.9055098005656, 261.69192062683635],
      [173.91987790497478, 257.4429010559195]
    ],
    [
      [323.0459246276969, 231.73446520439234],
      [325.59160654512107, 232.1347874254983],
      [329.6137839746525, 230.583504859527],
      [332.2612931687745, 231.5843428003044],
      [334.5014932561071, 228.03119538135002],
      [339.185547984167, 227.68085899972698],
      [343.3604663287442, 229.38244898186076]
    ],
    [
      [343.3604663287442, 229.38244898186076],
      [344.3278254573661, 232.53510355446167],
      [340.96752532636583, 231.78450581528546],
      [341.2730071564556, 235.3371461001525]
    ],
    [
      [341.2730071564556, 235.3371461001525],
      [336.385297875001, 236.6880245544636],
      [335.0106296395925, 239.18946906588724],
      [335.2142841929872, 243.49140159226636],
      [341.6294026248961, 244.3417011899444],
      [341.7312299015921, 246.99246111240245],
      [339.4401161759097, 248.34274705042787],
      [336.2325569599561, 260.14235547765327],
      [336.8435206201384, 262.44167841965987],
      [336.3343842366521, 266.8898158772869],
      [340.40747530453245, 271.23729389527887],
      [338.26910249389584, 277.9320610129937],
      [333.07591138234966, 278.3316970983966],
      [333.38139321244125, 284.2756020599212],
      [326.9153611421825, 283.62632993706234],
      [324.7769883315459, 286.0235669846992],
      [321.77308366898524, 285.124627321617]
    ],
    [
      [219.79306605696183, 291.21687293405773],
      [219.38575695017425, 297.6073118571038],
      [214.44713403037076, 301.6005997080697],
      [215.21083860559793, 306.3918017091876],
      [213.22520671000802, 310.1842642725901],
      [209.2539429188255, 311.1821969843053],
      [204.315319999022, 308.3379968293307],
      [204.77354274415848, 304.14602649402843],
      [203.19521995535433, 301.700424675224],
      [201.15867442141553, 301.1014695898713],
      [192.4015286254753, 301.5007743888086],
      [188.27752391924878, 306.2420888813954],
      [184.86631014989962, 307.7890834634168],
      [183.18616008439858, 311.1821969843053],
      [181.30235546550466, 310.9327170721343],
      [173.61439607488228, 311.93062366673325],
      [170.05044139049005, 312.9284954743023],
      [165.57004121582213, 315.5726878321441]
    ],
    [
      [165.57004121582213, 315.5726878321441],
      [164.70450936389807, 308.7870999045509],
      [166.63922762113998, 304.2458424962888],
      [164.19537298041269, 299.60402636796744],
      [161.24238195620092, 301.1014695898713],
      [157.98390910189755, 299.1547779230226],
      [152.89254526704917, 301.65051223565786],
      [150.14320879622937, 301.99989746445044],
      [143.93174491771515, 306.2919932448706],
      [134.76729001498643, 304.4953809663093],
      [133.2907945028801, 305.79294566973067],
      [129.77775345683494, 305.79294566973067],
      [126.72293515592537, 307.0405481943858]
    ],
    [
      [126.72293515592537, 307.0405481943858],
      [127.33389881610674, 301.5007743888086],
      [128.5049124981224, 297.2578722791392]
    ],
    [
      [223.76432984814437, 290.36803319128217],
      [224.52803442337154, 293.91301674096576],
      [226.71732087235705, 298.95510965249105],
      [225.1389980835529, 302.4491007095929],
      [225.74996174373427, 305.5933241872516],
      [228.85569368299275, 306.1422798917897],
      [230.63767102519068, 308.88689962761487],
      [230.2303619184022, 312.6291375822359],
      [228.0410754694176, 313.1280656649717],
      [230.4849301101449, 316.2711130940281],
      [230.53584374849288, 320.66082699066715],
      [224.62986170006843, 322.10729105795474],
      [222.69514344282652, 323.7531795155561],
      [218.3674841832044, 324.4015341654914],
      [217.70560688467413, 329.8371698653359],
      [213.7343430934934, 329.4382586007381],
      [211.74871119790168, 330.3358012842466],
      [208.9993747270828, 328.9894769119927],
      [203.90801089223442, 328.9894769119927],
      [201.6168971665511, 330.78456228644154],
      [202.43151538012808, 334.6236807931988],
      [205.07902457424825, 333.1279801393953],
      [207.57379285332445, 335.0225214290422],
      [203.39887450874994, 336.11930526578556],
      [202.63516993352187, 339.0106304078572]
    ],
    [
      [202.63516993352187, 339.0106304078572],
      [200.03857437774968, 336.81723732077774],
      [199.4785243559145, 339.55895319286697],
      [196.01639694821733, 340.8051034874977],
      [198.25659703555084, 346.0383622512634],
      [195.86365603317245, 347.8324102283176],
      [194.23441960602122, 346.38721337935283],
      [192.0960467953846, 349.1280443935567],
      [188.53209211098965, 350.7225938903283],
      [186.64828749209573, 348.9785510146247],
      [176.92378256753454, 350.1246477983291],
      [171.119627795807, 349.7260104257625],
      [169.64313228370156, 346.0881983771062],
      [165.77369576921592, 344.4435621188304],
      [161.7006047013365, 346.4868843791537],
      [159.56223189069988, 344.04484870930617],
      [156.20193175969962, 344.89210830596346],
      [154.5217816942004, 347.3839083639749],
      [150.24503607292627, 348.03174222428856],
      [144.8481904079872, 356.60176187225125]
    ],
    [
      [144.8481904079872, 356.60176187225125],
      [143.88083127936534, 355.20680920303926],
      [149.3795042210013, 347.73274373056586],
      [152.89254526704917, 340.4063411100137],
      [155.79462265291204, 337.31575008577795],
      [157.83116818685176, 333.4769837798465],
      [157.37294544171618, 330.43552654685857],
      [159.71497280574476, 327.6929576888755],
      [160.47867738097375, 325.0997460548017],
      [162.66796382995744, 323.8529273278242],
      [164.50085481050337, 316.62031936465814],
      [165.57004121582213, 315.5726878321441]
    ],
    [
      [144.8481904079872, 356.60176187225125],
      [143.06621306579018, 358.4948086101557],
      [140.72418570175978, 358.0464661742966],
      [138.48398561442627, 359.9394222905197]
    ],
    [
      [138.48398561442627, 359.9394222905197],
      [136.95657646397012, 360.4873611430081],
      [135.2764263984718, 357.64793397130666],
      [129.87958073353275, 353.4132035198454],
      [126.87567607097026, 355.7548340349608],
      [123.8208577700616, 354.95770370528066],
      [120.66421219245422, 352.0679289096639],
      [118.01670299833313, 352.0181027645964],
      [119.03497576530299, 348.3307377200306],
      [122.85349864144064, 341.8019859128286],
      [124.89004417537944, 335.77033302892585],
      [123.15898047153132, 333.6764125666367],
      [123.97359868510648, 330.2859385253179],
      [122.54801681134904, 329.8371698653359],
      [122.39527589630325, 326.2966416875215],
      [127.18115790106185, 319.96250809221726],
      [125.65374875060752, 316.86974982039044],
      [126.21379877243999, 314.92413489193666],
      [121.17334857594051, 310.0345713602778],
      [120.91878038419782, 308.387897520297],
      [124.68638962198656, 306.19218443037016],
      [126.72293515592537, 307.0405481943858]
    ],
    [
      [202.63516993352187, 339.0106304078572],
      [206.81008827809728, 339.3595642675682],
      [208.846633812037, 337.2658991890305],
      [211.69779755955187, 339.5091060877678],
      [214.90535677550724, 340.9047932416221],
      [214.54896130706857, 345.6895070326283],
      [215.7199749890833, 346.5865550452162],
      [217.90926143806792, 342.44994148744684],
      [221.98235250594735, 348.48023434400216],
      [225.08808444520582, 349.2775370239988],
      [225.5972208286894, 352.26723266132444],
      [228.1938163844634, 352.5661858035546]
    ],
    [
      [228.1938163844634, 352.5661858035546],
      [226.61549359565925, 354.40966434304437],
      [223.2551934646599, 355.7050140082473],
      [223.4588480180537, 361.4835881842838],
      [221.01499337732548, 361.1847235138272],
      [219.38575695017425, 362.62920878140335],
      [216.99281594779586, 367.3108612483263],
      [209.76307930231087, 366.8128473390706],
      [210.11947477074955, 370.1493854141354],
      [211.90145211294657, 372.68889439174166],
      [217.19647050118965, 372.4399322223976],
      [217.29829777788564, 376.12436640669307],
      [220.14946152540233, 375.0788285743539],
      [222.33874797438693, 375.52692056234264],
      [221.52412976081087, 379.1114221011459],
      [218.8257069283418, 381.89908051649263],
      [215.21083860559793, 381.30174624742983]
    ],
    [
      [215.21083860559793, 381.30174624742983],
      [209.1521156421286, 379.4101117899586],
      [208.8975474503859, 377.4685772299076],
      [205.63907459608345, 376.12436640669307],
      [205.33359276599094, 373.83409437359546],
      [195.66000147977866, 374.33199409824965],
      [191.58691041190013, 379.16120391620495],
      [191.48508313520324, 382.7452843880434],
      [186.90285568383842, 384.4376230169063],
      [183.54255555283817, 388.5685342900223],
      [180.02951450679302, 388.02109552900924],
      [180.2331690601859, 384.7362614557717],
      [177.33109167432212, 384.8358069656616]
    ],
    [
      [177.33109167432212, 384.8358069656616],
      [172.29064147782356, 384.1887554629651],
      [165.51912757747323, 380.6546211399308],
      [159.66405916739768, 380.90351701058876],
      [154.92909080098798, 379.1114221011459],
      [154.98000443933597, 376.0247929037139],
      [149.6849860510938, 373.18681267355305],
      [148.81945419916883, 376.8213719230379],
      [147.59752687880518, 377.07029864739445],
      [141.89519938377543, 375.0788285743539],
      [142.7098175973515, 373.68472288374596],
      [140.0113947648806, 371.09550158971115],
      [137.26205829406263, 371.69303359301773],
      [132.98531267279031, 369.253037845986]
    ],
    [
      [132.98531267279031, 369.253037845986],
      [135.3273400368189, 365.7171880913219],
      [137.6184537625013, 365.7669916394899],
      [138.48398561442627, 359.9394222905197]
    ],
    [
      [215.21083860559793, 381.30174624742983],
      [214.19256583862807, 388.5685342900223],
      [216.53459320265847, 388.26993251721217],
      [214.70170222211436, 393.29601666915175],
      [221.26956156906817, 396.03265534105003],
      [224.32437986997775, 398.1222924052479]
    ],
    [
      [224.32437986997775, 398.1222924052479],
      [214.44713403037076, 406.13129341629326],
      [210.42495660084114, 408.91656170070075],
      [208.03201559846184, 411.85077926701126],
      [205.68998823443053, 416.72397409191933],
      [204.72262910580957, 423.6346988174769],
      [205.48633368103583, 426.2693379456416],
      [207.72653376837025, 428.35701484280696],
      [204.97719729755227, 430.8421717199976],
      [202.78791084856675, 434.7186428983415],
      [202.48242901847607, 440.33375309399685],
      [203.29704723205214, 441.97338564313736],
      [202.0751199116885, 446.39502504041366],
      [203.19521995535433, 450.4683810009851],
      [201.6678108049009, 452.85255687164147],
      [196.22005150161203, 458.3653233294732],
      [196.37279241665692, 461.84138551159356],
      [189.957673984748, 463.82754879110803],
      [188.12478300420207, 465.16814426488975]
    ],
    [
      [188.12478300420207, 465.16814426488975],
      [181.04778727376197, 466.1114950490754],
      [178.34936444129198, 464.6716334985895],
      [177.43291895101993, 457.3224358583161],
      [176.00733707726158, 456.57749674259844],
      [176.66921437579367, 451.95851056747654],
      [174.58175520350505, 445.00401024916346],
      [171.57785054094347, 443.2651607703946],
      [171.98515964773105, 440.08531690201266],
      [174.83632339524684, 439.0418647016385],
      [174.27627337341346, 434.6192518725121],
      [175.600027970474, 430.24575116496374],
      [175.03997794864154, 426.020796136727],
      [177.63657350441463, 423.7341230130618],
      [173.3089142447925, 417.07203133925714],
      [169.79587319874736, 416.0775721404875],
      [169.69404592204955, 412.79563983315074],
      [164.0426320653678, 412.8453685693306],
      [163.63532295858022, 410.15990693319725],
      [167.04653672792756, 407.9218508268806],
      [166.3846594293973, 406.1810324751075],
      [163.43166840518552, 405.1364959847032],
      [165.46821393912523, 401.9529357520976],
      [164.60268208720117, 400.858513392483]
    ],
    [
      [164.60268208720117, 400.858513392483],
      [168.2684640482912, 399.5650565303355],
      [168.06480949489833, 397.17699750595045],
      [163.27892749013972, 397.3760093057133],
      [162.20974108482278, 394.1916700286656],
      [167.65750038810984, 389.8624423914018],
      [168.31937768664102, 392.0520113758415],
      [171.78150509433726, 391.90272743256264],
      [173.10525969139871, 390.7581936247169],
      [176.56738709909587, 391.5543954727825],
      [178.40027807964088, 388.518767525802],
      [177.33109167432212, 384.8358069656616]
    ],
    [
      [154.82726352429017, 482.39267891185034],
      [152.84163162870027, 484.27842566117613],
      [151.9251861384273, 487.9503815711631],
      [149.9395542428365, 488.0000000000001],
      [142.20068121386612, 486.3625553197721],
      [132.27252173591023, 483.48443927762105],
      [125.09369872877414, 479.66313031495633],
      [119.34045759539458, 475.3450482269618],
      [116.6420347629246, 472.51567125999884],
      [111.90706639651398, 468.9413930505691],
      [113.73995737706082, 466.4093899457831],
      [117.20208478475797, 465.81359758469944],
      [118.62766665851541, 463.82754879110803],
      [117.30391206145396, 462.2386273417062],
      [120.56238491575914, 457.71973007582346],
      [121.93705315116767, 453.2002351863156],
      [126.26471241078889, 450.02132934359565],
      [128.1485170296828, 446.49438103924194],
      [126.82476243262136, 443.66262002342603]
    ],
    [
      [126.82476243262136, 443.66262002342603],
      [132.78165811939562, 445.9479194163574],
      [136.09104461204788, 448.97818582635523],
      [137.26205829406263, 448.48143949854637],
      [141.64063119203274, 449.97165657257085],
      [142.1497675755163, 452.7035507898702],
      [144.59362221624542, 454.54124679574113],
      [143.67717672597246, 456.9251370194969],
      [144.59362221624542, 459.3585199295371],
      [149.9395542428365, 462.2386273417062],
      [150.65234517971476, 467.30305924068796],
      [152.53614979860868, 470.43072028598135],
      [150.65234517971476, 474.3026728453385],
      [151.26330883989704, 477.9756671993582],
      [150.49960426466896, 480.5068315315906],
      [154.82726352429017, 482.39267891185034]
    ],
    [
      [333.9414432342737, 109.13799003529266],
      [336.8435206201384, 111.65230572276005],
      [339.1346343458199, 110.14374868991331],
      [343.51320724379, 110.89803934173051],
      [347.78995286506324, 109.7917380746876],
      [350.28472114413944, 112.004288399615],
      [354.30689857366906, 118.23853661216526],
      [356.69983957604836, 119.44497478288099],
      [359.04186694007876, 117.78610639840008],
      [363.0131307312604, 119.09310335096052],
      [366.01703539382197, 117.18285261266874]
    ],
    [
      [366.01703539382197, 117.18285261266874],
      [355.2742577022909, 134.16862851306905],
      [352.21943940138044, 135.32402538820634],
      [351.4048211878053, 138.73965582626306],
      [352.8813166999116, 139.3423637218691],
      [351.4048211878053, 143.8621921995641],
      [348.4518301635935, 142.8076413329436],
      [346.5171119063498, 143.51068036196511],
      [343.462293605442, 146.8749411537351],
      [342.90224358360683, 141.9037039092027],
      [340.916611688016, 140.5979566776466],
      [338.8800661540772, 145.11754987279755],
      [342.69858903021486, 148.38117504870047],
      [337.81087974875845, 150.53994722516495]
    ],
    [
      [337.81087974875845, 150.53994722516495],
      [339.0837207074719, 154.95730232911228],
      [337.91270702545626, 156.66379340596586],
      [336.9453478968335, 157.16567986479618],
      [333.43230685078834, 157.61736887086545],
      [329.6137839746525, 154.1040120515952],
      [327.3735838873181, 154.20440069242272],
      [324.21693830971253, 152.6985276649125],
      [318.87100628312146, 151.39336238591272],
      [320.0420199651371, 155.15807217526458],
      [319.7365381350446, 157.215867944077],
      [316.57989255743996, 157.06530339722053],
      [315.714360705515, 159.32367433215745]
    ],
    [
      [315.714360705515, 159.32367433215745],
      [310.0629468488323, 156.1618966416088],
      [310.0629468488323, 153.55186713827197],
      [308.1791422299384, 151.24276188699173],
      [306.6008194411352, 152.99970971578296],
      [304.56427390719637, 151.09216045545736],
      [301.4076283295899, 154.3549828788273],
      [297.1308827083167, 151.09216045545736],
      [296.6726599631811, 147.92931470750977],
      [298.7092054971199, 144.21369892163375],
      [296.2653508563917, 142.20502014801718],
      [292.95596436374126, 140.9495109706686],
      [293.10870527878615, 137.23281995708908]
    ],
    [
      [338.5236706856376, 136.7807507586083],
      [335.36702510803207, 140.64817903368998],
      [338.5745843239865, 140.84906741055056],
      [338.5236706856376, 136.7807507586083]
    ],
    [
      [333.78870231922883, 141.15039683449368],
      [332.0067249770318, 146.52347310483356],
      [332.6176886372132, 148.5819991647536],
      [335.31611146968226, 148.1803492698616],
      [336.4871251516988, 145.51925056108303],
      [334.552406894456, 144.1132689515007],
      [333.78870231922883, 141.15039683449368]
    ],
    [
      [267.29549063610193, 183.85132116613306],
      [269.68843163848123, 184.0518566704601],
      [271.36858170398136, 178.53654503151722],
      [278.39466379607256, 177.88465504684564],
      [279.6165911164353, 175.02616687285865],
      [284.249732206149, 175.67813166130838],
      [285.3698322498158, 172.56860741487435],
      [288.17008235898265, 175.67813166130838],
      [294.0251507690591, 176.8817140987063],
      [296.3162644947415, 173.92280290391193],
      [298.6073782204221, 173.02001411872277],
      [299.88021917913375, 170.96353926288134],
      [303.9023966086661, 172.3679795772465],
      [307.00812854792366, 170.21112777792473],
      [311.64126963763647, 168.40524687782795],
      [316.78354711083284, 169.75966991132032],
      [316.0707561739546, 164.5923979765455],
      [318.412783537985, 162.83628228735233],
      [318.3618698996361, 160.87931987658158],
      [315.714360705515, 159.32367433215745]
    ],
    [
      [337.81087974875845, 150.53994722516495],
      [342.64767539186505, 152.04595377450232],
      [345.24427094763814, 151.1423610362665],
      [347.73903922671343, 155.30864847612088],
      [342.34219356177437, 154.00362299747303],
      [342.24036628507747, 156.9649265175908],
      [340.865698049668, 159.1229386837706],
      [347.48447103497165, 160.1266004848353],
      [344.480566372411, 173.52156749558708],
      [344.1241709039723, 179.4391338219832],
      [344.93878911754837, 182.59793792418202],
      [348.146348333501, 188.61360697650014],
      [349.011880185426, 191.32018905090422]
    ],
    [
      [349.011880185426, 191.32018905090422],
      [348.146348333501, 195.12896170529837],
      [344.78604820250075, 195.02873818462695],
      [344.3278254573661, 197.68452775163007],
      [341.2730071564556, 198.28580004927426],
      [338.32001613224384, 200.89114920751115],
      [335.31611146968226, 202.04343023764204],
      [330.0720067197881, 209.70728337418348],
      [327.0681020572283, 210.50859990255958],
      [324.01328375631874, 212.71209180626033]
    ],
    [
      [297.84367364519494, 305.7430404305188],
      [297.74184636849895, 308.88689962761487],
      [299.98204645583155, 313.3775264493364],
      [299.3710827956502, 315.4729114095478],
      [291.32672793659003, 324.2519151474296],
      [288.83195965751383, 328.1916257519737],
      [288.62830510411914, 328.4908224949529],
      [288.42465055072535, 330.93414775630515],
      [288.22099599733156, 331.13359385915976]
    ],
    [
      [288.22099599733156, 331.13359385915976],
      [283.84242309936053, 331.08373246096266],
      [281.602223012027, 329.8870333902503],
      [277.2236501140578, 322.8554337639655]
    ],
    [
      [277.2236501140578, 322.8554337639655],
      [277.885527412589, 318.8651157044101],
      [271.92863172581474, 315.9219025837747],
      [272.3868544709503, 311.38177934721307],
      [274.52522728158874, 309.43579186507543],
      [267.7027997428904, 304.14602649402843],
      [264.69889508032975, 306.69122500145636],
      [262.00047224785885, 302.7984760865537],
      [261.4404222260255, 299.00502685255856],
      [257.87646754163234, 300.2030131780082],
      [257.67281298823764, 303.39739528412565],
      [254.36342649558537, 303.646941215968],
      [252.58144915338926, 302.299367086188],
      [250.64673089614644, 304.94454468579556],
      [249.0174944689943, 304.1959345390384],
      [249.47571721413078, 299.7038583850524],
      [247.18460348844928, 297.85690890244666],
      [247.59191259523686, 295.4107624515045],
      [241.12588052497904, 292.4151910959529],
      [240.51491686479676, 295.1112196975082],
      [237.3073576488423, 295.31091522154327],
      [234.20162570958473, 301.15138299795774],
      [231.96142562225032, 299.45427768058937],
      [233.28518021931177, 297.0581905740189],
      [230.63767102519068, 296.5589801159865],
      [230.2303619184022, 294.1626465733218],
      [234.9653302848119, 294.41227418591643],
      [236.18725760517555, 288.91995295664094],
      [234.15071207123674, 286.6228439587229],
      [234.812589369767, 284.52531806525576]
    ],
    [
      [277.2236501140578, 322.8554337639655],
      [275.1361909417692, 322.90530925738426],
      [273.0996454078304, 325.24936070445585],
      [268.924727063255, 323.8030534645658],
      [269.38294980839055, 327.144412960869],
      [266.53178606087386, 330.88428601804674],
      [266.328131507481, 336.56797777278155],
      [268.110108849678, 336.76738558004195],
      [267.8046270195873, 340.2568038316846],
      [263.2223995682234, 337.41545162616467],
      [262.9678313764816, 331.68206363029276],
      [261.2876813109806, 331.68206363029276],
      [259.96392671391914, 327.64309041320246],
      [258.3856039251168, 329.13907157505264],
      [254.10885830384268, 329.28866547125494],
      [252.78510370678305, 332.52967851632593],
      [252.53053551504036, 335.6706259148557],
      [254.82164924072276, 338.6118438019341],
      [254.0070310271476, 343.49660902570827],
      [258.8438266702533, 342.8486763356833],
      [260.4221494590565, 344.7425936628124],
      [260.06575399061694, 351.07139025707113],
      [262.40778135464643, 353.363379610372],
      [258.1310357333741, 354.3598420871797],
      [254.21068558054048, 354.2601973275489],
      [251.2576945563278, 355.40609211538856],
      [247.94830806367645, 360.38773663537165],
      [244.3843533792815, 358.8435147895964],
      [244.07887154919172, 357.1497613105123],
      [240.97313960993415, 355.4559126371496],
      [236.08543032847956, 355.20680920303926],
      [232.3178210906908, 352.16758095120554],
      [228.1938163844634, 352.5661858035546]
    ],
    [
      [288.22099599733156, 331.13359385915976],
      [285.2170913347709, 334.22483474002547],
      [283.18054580083026, 338.0136537836182],
      [281.602223012027, 338.6118438019341],
      [276.30720462378486, 345.39048501673267],
      [274.52522728158874, 350.4734511383831],
      [271.97954536416273, 353.7121452395618],
      [270.5539634904062, 362.82844272772286],
      [269.53569072343544, 365.4183650911458],
      [272.2341135559054, 369.999995976637],
      [279.4129365630424, 377.1698687748502],
      [283.84242309936053, 380.05726289348956],
      [292.0904325118163, 381.30174624742983],
      [296.5708326864833, 381.3515245424686],
      [301.1530601378472, 380.55506223200064],
      [305.2261512057248, 377.41879268813057],
      [307.26269673966635, 379.1114221011459],
      [305.4298057591204, 381.749748027288],
      [308.2809695066362, 386.92618924713156],
      [304.20787843875587, 384.68648858151437],
      [300.38935556262095, 383.5416905080971],
      [297.53819181510517, 383.5914652132392],
      [294.6361144292405, 381.5008589482868],
      [285.92988227164915, 383.392365914665],
      [276.25629098543504, 382.1479664019456],
      [271.52132261902625, 382.7950603684209],
      [269.9939134685719, 384.3380762340853],
      [267.09183608270905, 383.6412398387213],
      [254.21068558054048, 387.92156017929506],
      [253.14149917522263, 389.71314803075506],
      [250.54490361945045, 389.165729288085],
      [247.18460348844928, 390.11126474542107],
      [247.43917168019198, 392.1515336106809],
      [241.27862144002393, 394.8385149519638],
      [237.511012202237, 394.24142780182],
      [226.92097542575084, 396.3311833798434],
      [224.32437986997775, 398.1222924052479]
    ],
    [
      [341.2730071564556, 235.3371461001525],
      [345.8552346078195, 238.23894800482265],
      [349.97923931404694, 239.33954822062708],
      [349.72467112230606, 242.79113446488384],
      [352.32126667807825, 244.39171796775588],
      [352.52492123147294, 261.4419967567551],
      [354.10324402027436, 285.2744526166754],
      [355.07060314889713, 289.21956192338826],
      [353.1358848916543, 292.8146190915952],
      [345.14244367094125, 293.76323777580114],
      [337.4035706419709, 292.864547190816],
      [333.5850477658332, 291.76610845746904],
      [319.22740175156105, 289.86870365780464]
    ],
    [
      [349.011880185426, 191.32018905090422],
      [349.92832567569985, 195.32940755826326],
      [351.659389379548, 197.78474078868373],
      [350.8956848043208, 200.44024245936407],
      [352.7794894232147, 213.3630874705508],
      [352.7285757848658, 228.9320388535442],
      [343.3604663287442, 229.38244898186076]
    ],
    [
      [164.60268208720117, 400.858513392483],
      [163.27892749013972, 400.36103622146686],
      [157.88208182519975, 401.40572928238873],
      [156.6092408664872, 410.7566955533665],
      [155.13274535438268, 414.28746857665635],
      [152.63797707530648, 415.67977991000805],
      [155.23457263107775, 418.06646003101275],
      [152.99437254374516, 425.07632007467396],
      [148.76854056081993, 425.27515940297576],
      [144.23722674780493, 423.0878603349761],
      [142.1497675755163, 429.2019892228576],
      [138.02576286928888, 429.3511000967835],
      [134.76729001498643, 428.35701484280696],
      [129.87958073353275, 424.82776921643926],
      [131.55973079903197, 421.59643610523574],
      [130.6941989471079, 417.71841345655514],
      [129.11587615830285, 416.82341940116737],
      [125.70466238895551, 417.12175349805193]
    ],
    [
      [125.70466238895551, 417.12175349805193],
      [122.64984408804594, 414.9339062954052],
      [118.47492574347052, 407.1757974105292],
      [116.3874665711819, 405.58415866152416],
      [117.91487572163533, 402.45038801019894],
      [120.15507580896974, 402.5996221713332],
      [121.3260894909854, 399.0178089050903],
      [126.72293515592537, 392.84818043225573],
      [125.7555760273035, 389.0164316066738],
      [127.38481245445655, 385.6819309592328],
      [128.0976033913339, 380.55506223200064],
      [132.8834853960925, 373.83409437359546],
      [132.98531267279031, 369.253037845986]
    ],
    [
      [188.12478300420207, 465.16814426488975],
      [186.24097838530815, 467.2534115520316],
      [181.14961455045977, 470.8775060092779],
      [176.82195529083856, 472.51567125999884],
      [173.61439607488228, 476.8341020731739],
      [172.64703694626132, 480.40757361357623],
      [169.54130500700376, 481.8964130530817],
      [167.35201855802006, 480.2586862123777],
      [158.7985273154727, 481.2512570099873],
      [154.82726352429017, 482.39267891185034]
    ],
    [
      [126.82476243262136, 443.66262002342603],
      [125.29735328216793, 439.9859419076448],
      [122.03888042786548, 437.4517794916445],
      [121.4279167676832, 434.6192518725121],
      [118.984062126955, 430.24575116496374],
      [120.81695310750001, 427.41260601744125],
      [123.41354866327401, 425.4739975242602],
      [123.6172032166669, 423.4855619570551],
      [126.41745332583378, 420.4032476029123],
      [125.70466238895551, 417.12175349805193]
    ],
    [
      [265.6153405706027, 83.32538821743356],
      [261.2876813109806, 83.07366110302814],
      [257.77464026493544, 79.09600457397983],
      [259.30204941538886, 73.65707185352016],
      [260.880372204193, 72.70008786562585],
      [261.1858540342828, 67.91456116425366],
      [265.00437691042043, 66.95733421447903],
      [269.23020889334475, 63.32957892987042],
      [270.4012225753595, 59.90282817364664],
      [268.1610224880269, 60.003622428667086],
      [261.4913358643753, 63.581525270063366],
      [259.0474812236471, 64.18618497340981],
      [256.0944901994344, 66.8061894046989],
      [253.19241281357063, 63.228799603440166],
      [248.30470353211695, 62.57372296966628],
      [243.31516697396455, 64.38773459710364]
    ],
    [
      [243.31516697396455, 64.38773459710364],
      [246.01358980643454, 56.62676797760241],
      [244.89348976276688, 51.28323934643663],
      [247.94830806367645, 49.1152160387885],
      [252.27596732329766, 49.1152160387885],
      [253.09058553687282, 44.324646418181146],
      [256.2981447528291, 45.534993331607666],
      [259.45479033043466, 44.72810274174549],
      [261.69499041776817, 42.509001890607124],
      [264.24067233519327, 43.41684279022479],
      [268.5174179564656, 41.75243931352247],
      [268.5683315948154, 47.552091267501964],
      [271.31766806563246, 43.31597342030659],
      [274.11791817479934, 43.6690142019836],
      [276.45994553882974, 42.76118365875709],
      [281.04217299019365, 44.223781188007024],
      [283.63876854596765, 45.887998721181475],
      [285.0643504197242, 48.15718487911022],
      [287.5082050604524, 46.997407627548],
      [292.2431734268612, 48.66141695676265],
      [294.78885534428537, 46.1401419847482],
      [294.4833735141947, 42.609874943228306],
      [298.5055509437252, 41.04629085354668],
      [297.9964145602398, 36.40532385444976]
    ],
    [
      [297.9964145602398, 36.40532385444976],
      [301.1530601378472, 40.64276730334427],
      [303.6478284169234, 45.83756972417291],
      [301.356714691241, 51.83781602663976],
      [301.5094556062859, 54.35844516566817],
      [296.9272281549238, 54.50967385476679],
      [294.2797189608, 57.836446029841],
      [294.7379417059374, 60.91075034092023],
      [293.5669280239226, 66.60466141603115],
      [296.2144372180437, 69.77851825884636]
    ],
    [
      [346.9753346514872, 48.308455704726384],
      [335.57067966142495, 54.912945349914935],
      [335.82524785316764, 56.77798131185364],
      [327.5772384407128, 59.55004471254483],
      [326.8644475038336, 63.63191419942132]
    ],
    [
      [297.9964145602398, 36.40532385444976],
      [302.83321020334733, 39.482595970934426]
    ],
    [
      [226.71732087235705, 83.87917812069122],
      [231.85959834555342, 83.42607828763948],
      [231.55411651546274, 79.4988367824767],
      [234.6598484547203, 78.99529540959043],
      [234.7107620930692, 75.1176538138709],
      [239.14024862938822, 77.43424643187586],
      [239.34390318278292, 72.24676556161103],
      [242.4496351220405, 69.98001792649438],
      [243.77338971910012, 66.4535142426214],
      [243.31516697396455, 64.38773459710364]
    ],
    [
      [372.330326549034, 49.064794376345844],
      [370.85383103692766, 49.72026706427505],
      [371.61753561215573, 53.24940345573623],
      [374.5196129980204, 54.56008319008765],
      [370.1410401000494, 60.96114526063684],
      [369.9882991850045, 64.89160076106327],
      [361.53663521915405, 69.27476123308679],
      [357.4635441512746, 68.46872663529507],
      [355.07060314889713, 71.39046535114153],
      [358.2781623648516, 72.75045645086288],
      [361.12932611236647, 76.47742156651702],
      [358.0745078114569, 78.94494066052698],
      [359.09278057842675, 82.97296948159851],
      [349.92832567569985, 84.48329728017325],
      [349.67375748395716, 88.20834697704458],
      [342.95315722195664, 92.38572489491844]
    ],
    [
      [387.1461953084445, 63.27918932311445],
      [387.60441805358187, 69.92964317790461],
      [380.0691995780044, 91.93279283218067],
      [379.0000131726865, 98.82646422451307],
      [377.3707767455344, 103.2534345137044],
      [370.2937810150952, 110.79746865752509],
      [366.01703539382197, 117.18285261266874]
    ]
  ],
  "bbox": [
    36.402140725705976,
    2.2737367544323206e-13,
    395.597859274294,
    488.0000000000001
  ]
}
